datetime,symbol,price_type,price,volume
2026-01-01 22:04:01.135000+00:00,EURUSD,BID,1.17387,0.9
2026-01-01 22:04:37.436000+00:00,EURUSD,BID,1.17414,4.5
2026-01-01 22:05:00.073000+00:00,EURUSD,BID,1.17414,0.72
2026-01-01 22:05:00.283000+00:00,EURUSD,BID,1.17449,0.9
2026-01-01 22:05:01.142000+00:00,EURUSD,BID,1.17449,0.9
2026-01-01 22:05:30.769000+00:00,EURUSD,BID,1.17448,0.9
2026-01-01 22:06:14.272000+00:00,EURUSD,BID,1.17449,1.62
2026-01-01 22:06:21.459000+00:00,EURUSD,BID,1.17454,0.9
2026-01-01 22:07:14.353000+00:00,EURUSD,BID,1.17455,0.9
2026-01-01 22:07:58.427000+00:00,EURUSD,BID,1.17449,0.9
2026-01-01 22:08:35.225000+00:00,EURUSD,BID,1.17449,0.9
2026-01-01 22:08:47.068000+00:00,EURUSD,BID,1.17449,2.52
2026-01-01 22:08:48.490000+00:00,EURUSD,BID,1.17449,4.32
2026-01-01 22:08:48.642000+00:00,EURUSD,BID,1.17454,0.9
2026-01-01 22:09:18.844000+00:00,EURUSD,BID,1.17455,0.9
2026-01-01 22:09:20.003000+00:00,EURUSD,BID,1.17454,0.9
2026-01-01 22:09:47.022000+00:00,EURUSD,BID,1.17455,0.9
2026-01-01 22:09:48.780000+00:00,EURUSD,BID,1.17449,0.72
2026-01-01 22:09:58.985000+00:00,EURUSD,BID,1.17448,0.72
2026-01-01 22:10:04.421000+00:00,EURUSD,BID,1.17448,0.72
2026-01-01 22:10:10.096000+00:00,EURUSD,BID,1.17449,0.72
2026-01-01 22:10:15.726000+00:00,EURUSD,BID,1.17479,0.9
2026-01-01 22:10:15.828000+00:00,EURUSD,BID,1.17478,0.9
2026-01-01 22:10:15.983000+00:00,EURUSD,BID,1.17479,0.9
2026-01-01 22:10:31.468000+00:00,EURUSD,BID,1.17477,1.8
2026-01-01 22:10:46.029000+00:00,EURUSD,BID,1.17477,1.8
2026-01-01 22:11:02.773000+00:00,EURUSD,BID,1.17478,0.9
2026-01-01 22:11:02.877000+00:00,EURUSD,BID,1.17476,5.4
2026-01-01 22:11:12.785000+00:00,EURUSD,BID,1.17475,0.9
2026-01-01 22:11:18.468000+00:00,EURUSD,BID,1.17475,0.9
2026-01-01 22:11:19.975000+00:00,EURUSD,BID,1.17475,0.9
2026-01-01 22:11:26.316000+00:00,EURUSD,BID,1.17476,0.9
2026-01-01 22:11:56.902000+00:00,EURUSD,BID,1.17476,0.9
2026-01-01 22:12:12.284000+00:00,EURUSD,BID,1.17475,0.9
2026-01-01 22:12:17.613000+00:00,EURUSD,BID,1.17474,0.9
2026-01-01 22:12:41.586000+00:00,EURUSD,BID,1.17475,0.9
2026-01-01 22:12:46.912000+00:00,EURUSD,BID,1.17472,2.7
2026-01-01 22:12:48.070000+00:00,EURUSD,BID,1.17475,0.9
2026-01-01 22:13:16.058000+00:00,EURUSD,BID,1.17473,1.8
2026-01-01 22:13:17.885000+00:00,EURUSD,BID,1.17474,5.4
2026-01-01 22:13:31.032000+00:00,EURUSD,BID,1.17473,5.4
2026-01-01 22:13:39.577000+00:00,EURUSD,BID,1.17475,0.9
2026-01-01 22:13:39.681000+00:00,EURUSD,BID,1.17478,0.9
2026-01-01 22:13:39.733000+00:00,EURUSD,BID,1.17479,0.9
2026-01-01 22:13:39.991000+00:00,EURUSD,BID,1.17478,4.5
2026-01-01 22:13:40.096000+00:00,EURUSD,BID,1.17481,0.9
2026-01-01 22:13:40.148000+00:00,EURUSD,BID,1.17478,5.4
2026-01-01 22:13:40.305000+00:00,EURUSD,BID,1.17481,0.9
2026-01-01 22:13:40.513000+00:00,EURUSD,BID,1.17479,5.4
2026-01-01 22:13:40.566000+00:00,EURUSD,BID,1.17482,0.9
2026-01-01 22:13:40.721000+00:00,EURUSD,BID,1.17479,5.4
2026-01-01 22:13:40.825000+00:00,EURUSD,BID,1.17479,0.9
2026-01-01 22:13:40.878000+00:00,EURUSD,BID,1.17482,0.9
2026-01-01 22:13:41.239000+00:00,EURUSD,BID,1.17479,5.4
2026-01-01 22:13:41.343000+00:00,EURUSD,BID,1.17482,0.9
2026-01-01 22:13:41.499000+00:00,EURUSD,BID,1.1748,0.9
2026-01-01 22:13:41.603000+00:00,EURUSD,BID,1.17481,0.9
2026-01-01 22:13:41.863000+00:00,EURUSD,BID,1.17479,1.8
2026-01-01 22:13:41.916000+00:00,EURUSD,BID,1.17481,0.9
2026-01-01 22:13:41.968000+00:00,EURUSD,BID,1.17479,1.8
2026-01-01 22:13:42.176000+00:00,EURUSD,BID,1.1748,0.9
2026-01-01 22:13:42.331000+00:00,EURUSD,BID,1.17479,2.7
2026-01-01 22:13:42.435000+00:00,EURUSD,BID,1.1748,0.9
2026-01-01 22:13:42.902000+00:00,EURUSD,BID,1.17481,0.9
2026-01-01 22:13:43.008000+00:00,EURUSD,BID,1.17479,1.8
2026-01-01 22:13:43.215000+00:00,EURUSD,BID,1.1748,0.9
2026-01-01 22:13:43.525000+00:00,EURUSD,BID,1.17484,0.9
2026-01-01 22:13:43.680000+00:00,EURUSD,BID,1.17481,1.8
2026-01-01 22:13:43.733000+00:00,EURUSD,BID,1.17483,0.9
2026-01-01 22:13:43.838000+00:00,EURUSD,BID,1.17482,0.9
2026-01-01 22:13:43.890000+00:00,EURUSD,BID,1.17481,0.9
2026-01-01 22:13:43.994000+00:00,EURUSD,BID,1.17482,0.9
2026-01-01 22:13:44.048000+00:00,EURUSD,BID,1.17484,0.9
2026-01-01 22:13:44.153000+00:00,EURUSD,BID,1.17483,0.9
2026-01-01 22:13:44.619000+00:00,EURUSD,BID,1.17481,0.9
2026-01-01 22:13:44.724000+00:00,EURUSD,BID,1.17483,0.9
2026-01-01 22:13:44.983000+00:00,EURUSD,BID,1.17484,0.9
2026-01-01 22:13:45.087000+00:00,EURUSD,BID,1.17482,0.9
2026-01-01 22:13:45.191000+00:00,EURUSD,BID,1.17483,0.9
2026-01-01 22:13:45.244000+00:00,EURUSD,BID,1.17482,0.9
2026-01-01 22:13:45.401000+00:00,EURUSD,BID,1.17482,0.9
2026-01-01 22:13:45.506000+00:00,EURUSD,BID,1.17483,0.9
2026-01-01 22:13:45.611000+00:00,EURUSD,BID,1.17483,0.9
2026-01-01 22:13:45.919000+00:00,EURUSD,BID,1.17482,0.9
2026-01-01 22:13:46.024000+00:00,EURUSD,BID,1.17482,0.9
2026-01-01 22:13:46.232000+00:00,EURUSD,BID,1.17483,0.9
2026-01-01 22:13:46.492000+00:00,EURUSD,BID,1.17484,0.9
2026-01-01 22:13:46.596000+00:00,EURUSD,BID,1.17482,0.9
2026-01-01 22:13:46.751000+00:00,EURUSD,BID,1.17482,0.9
2026-01-01 22:13:46.856000+00:00,EURUSD,BID,1.17483,0.9
2026-01-01 22:13:46.960000+00:00,EURUSD,BID,1.17483,0.9
2026-01-01 22:13:47.064000+00:00,EURUSD,BID,1.17484,0.9
2026-01-01 22:13:47.425000+00:00,EURUSD,BID,1.17482,0.9
2026-01-01 22:13:47.529000+00:00,EURUSD,BID,1.17482,0.9
2026-01-01 22:13:47.635000+00:00,EURUSD,BID,1.17483,0.9
2026-01-01 22:13:47.740000+00:00,EURUSD,BID,1.17482,0.9
2026-01-01 22:13:47.847000+00:00,EURUSD,BID,1.17483,0.9
2026-01-01 22:13:47.900000+00:00,EURUSD,BID,1.17481,0.9
2026-01-01 22:13:47.953000+00:00,EURUSD,BID,1.17484,0.9
2026-01-01 22:13:48.057000+00:00,EURUSD,BID,1.17483,0.9
2026-01-01 22:13:48.161000+00:00,EURUSD,BID,1.17483,0.9
2026-01-01 22:13:48.265000+00:00,EURUSD,BID,1.17483,0.9
2026-01-01 22:13:48.369000+00:00,EURUSD,BID,1.17482,0.9
2026-01-01 22:13:48.473000+00:00,EURUSD,BID,1.17482,0.9
2026-01-01 22:13:48.628000+00:00,EURUSD,BID,1.17482,0.9
2026-01-01 22:13:48.733000+00:00,EURUSD,BID,1.17482,0.9
2026-01-01 22:13:48.888000+00:00,EURUSD,BID,1.17484,0.9
2026-01-01 22:13:48.992000+00:00,EURUSD,BID,1.17484,0.9
2026-01-01 22:13:49.097000+00:00,EURUSD,BID,1.17483,0.9
2026-01-01 22:13:49.202000+00:00,EURUSD,BID,1.17483,0.9
2026-01-01 22:13:49.410000+00:00,EURUSD,BID,1.17482,0.9
2026-01-01 22:13:49.567000+00:00,EURUSD,BID,1.17483,0.9
2026-01-01 22:13:49.672000+00:00,EURUSD,BID,1.17484,0.9
2026-01-01 22:13:49.882000+00:00,EURUSD,BID,1.17484,0.9
2026-01-01 22:13:50.140000+00:00,EURUSD,BID,1.17483,0.9
2026-01-01 22:13:50.192000+00:00,EURUSD,BID,1.17483,0.9
2026-01-01 22:13:50.348000+00:00,EURUSD,BID,1.17482,0.9
2026-01-01 22:13:50.401000+00:00,EURUSD,BID,1.17484,0.9
2026-01-01 22:13:50.504000+00:00,EURUSD,BID,1.17481,1.8
2026-01-01 22:13:50.607000+00:00,EURUSD,BID,1.17484,0.9
2026-01-01 22:13:50.762000+00:00,EURUSD,BID,1.17481,1.8
2026-01-01 22:13:50.916000+00:00,EURUSD,BID,1.17483,0.9
2026-01-01 22:13:51.070000+00:00,EURUSD,BID,1.17482,1.8
2026-01-01 22:13:51.174000+00:00,EURUSD,BID,1.17484,0.9
2026-01-01 22:13:51.226000+00:00,EURUSD,BID,1.17482,1.8
2026-01-01 22:13:51.278000+00:00,EURUSD,BID,1.17484,0.9
2026-01-01 22:13:51.691000+00:00,EURUSD,BID,1.17482,1.8
2026-01-01 22:13:51.795000+00:00,EURUSD,BID,1.17484,0.9
2026-01-01 22:13:51.899000+00:00,EURUSD,BID,1.17481,1.8
2026-01-01 22:13:52.055000+00:00,EURUSD,BID,1.17484,0.9
2026-01-01 22:13:52.211000+00:00,EURUSD,BID,1.17481,1.8
2026-01-01 22:13:52.264000+00:00,EURUSD,BID,1.17483,0.9
2026-01-01 22:13:52.369000+00:00,EURUSD,BID,1.17481,1.8
2026-01-01 22:13:52.473000+00:00,EURUSD,BID,1.17482,1.8
2026-01-01 22:13:52.526000+00:00,EURUSD,BID,1.17484,0.9
2026-01-01 22:13:52.630000+00:00,EURUSD,BID,1.17481,1.8
2026-01-01 22:13:52.734000+00:00,EURUSD,BID,1.17483,0.9
2026-01-01 22:13:52.890000+00:00,EURUSD,BID,1.17481,1.8
2026-01-01 22:13:52.943000+00:00,EURUSD,BID,1.17484,0.9
2026-01-01 22:13:53.047000+00:00,EURUSD,BID,1.17482,1.8
2026-01-01 22:13:53.151000+00:00,EURUSD,BID,1.17483,0.9
2026-01-01 22:13:53.306000+00:00,EURUSD,BID,1.17482,1.8
2026-01-01 22:13:53.410000+00:00,EURUSD,BID,1.17483,0.9
2026-01-01 22:13:53.462000+00:00,EURUSD,BID,1.17482,1.8
2026-01-01 22:13:53.515000+00:00,EURUSD,BID,1.17484,0.9
2026-01-01 22:13:53.619000+00:00,EURUSD,BID,1.17482,1.8
2026-01-01 22:13:53.723000+00:00,EURUSD,BID,1.17484,0.9
2026-01-01 22:13:53.827000+00:00,EURUSD,BID,1.17482,1.8
2026-01-01 22:13:53.880000+00:00,EURUSD,BID,1.17484,0.9
2026-01-01 22:13:54.243000+00:00,EURUSD,BID,1.17481,1.8
2026-01-01 22:13:54.295000+00:00,EURUSD,BID,1.17483,0.9
2026-01-01 22:13:54.450000+00:00,EURUSD,BID,1.17482,1.8
2026-01-01 22:13:54.554000+00:00,EURUSD,BID,1.17484,0.9
2026-01-01 22:13:54.709000+00:00,EURUSD,BID,1.17482,1.8
2026-01-01 22:13:54.762000+00:00,EURUSD,BID,1.17484,0.9
2026-01-01 22:13:54.814000+00:00,EURUSD,BID,1.17482,1.8
2026-01-01 22:13:54.867000+00:00,EURUSD,BID,1.17483,0.9
2026-01-01 22:13:55.176000+00:00,EURUSD,BID,1.17481,1.8
2026-01-01 22:13:55.282000+00:00,EURUSD,BID,1.17482,1.8
2026-01-01 22:13:55.335000+00:00,EURUSD,BID,1.17483,0.9
2026-01-01 22:13:55.440000+00:00,EURUSD,BID,1.17481,1.8
2026-01-01 22:13:55.544000+00:00,EURUSD,BID,1.17484,0.9
2026-01-01 22:13:55.750000+00:00,EURUSD,BID,1.17482,1.8
2026-01-01 22:13:55.803000+00:00,EURUSD,BID,1.17484,0.9
2026-01-01 22:13:55.957000+00:00,EURUSD,BID,1.17481,1.8
2026-01-01 22:13:56.010000+00:00,EURUSD,BID,1.17484,0.9
2026-01-01 22:13:56.114000+00:00,EURUSD,BID,1.17482,1.8
2026-01-01 22:13:56.219000+00:00,EURUSD,BID,1.17484,0.9
2026-01-01 22:13:56.322000+00:00,EURUSD,BID,1.17482,1.8
2026-01-01 22:13:56.426000+00:00,EURUSD,BID,1.17484,0.9
2026-01-01 22:13:56.530000+00:00,EURUSD,BID,1.17484,0.9
2026-01-01 22:13:56.583000+00:00,EURUSD,BID,1.17482,1.8
2026-01-01 22:13:56.688000+00:00,EURUSD,BID,1.17482,0.9
2026-01-01 22:13:56.793000+00:00,EURUSD,BID,1.17484,0.9
2026-01-01 22:13:57.052000+00:00,EURUSD,BID,1.17483,0.9
2026-01-01 22:13:57.156000+00:00,EURUSD,BID,1.17483,0.9
2026-01-01 22:13:57.312000+00:00,EURUSD,BID,1.17482,1.8
2026-01-01 22:13:57.416000+00:00,EURUSD,BID,1.17483,0.9
2026-01-01 22:13:57.623000+00:00,EURUSD,BID,1.17481,1.8
2026-01-01 22:13:57.676000+00:00,EURUSD,BID,1.17483,0.9
2026-01-01 22:13:57.884000+00:00,EURUSD,BID,1.17483,0.9
2026-01-01 22:13:58.039000+00:00,EURUSD,BID,1.17482,0.9
2026-01-01 22:13:58.144000+00:00,EURUSD,BID,1.17483,0.9
2026-01-01 22:13:58.196000+00:00,EURUSD,BID,1.17481,3.6
2026-01-01 22:13:58.249000+00:00,EURUSD,BID,1.17483,0.9
2026-01-01 22:13:58.353000+00:00,EURUSD,BID,1.17483,0.9
2026-01-01 22:13:58.456000+00:00,EURUSD,BID,1.17482,3.6
2026-01-01 22:13:58.560000+00:00,EURUSD,BID,1.17484,0.9
2026-01-01 22:13:58.664000+00:00,EURUSD,BID,1.17481,1.8
2026-01-01 22:13:58.716000+00:00,EURUSD,BID,1.17483,0.9
2026-01-01 22:13:59.078000+00:00,EURUSD,BID,1.17482,1.8
2026-01-01 22:13:59.182000+00:00,EURUSD,BID,1.17483,0.9
2026-01-01 22:13:59.337000+00:00,EURUSD,BID,1.17482,0.9
2026-01-01 22:13:59.440000+00:00,EURUSD,BID,1.17484,0.9
2026-01-01 22:13:59.545000+00:00,EURUSD,BID,1.17482,0.9
2026-01-01 22:13:59.650000+00:00,EURUSD,BID,1.17483,0.9
2026-01-01 22:13:59.753000+00:00,EURUSD,BID,1.17482,0.9
2026-01-01 22:13:59.858000+00:00,EURUSD,BID,1.17483,0.9
2026-01-01 22:14:00.065000+00:00,EURUSD,BID,1.17482,0.9
2026-01-01 22:14:00.169000+00:00,EURUSD,BID,1.17484,0.9
2026-01-01 22:14:00.325000+00:00,EURUSD,BID,1.17483,0.9
2026-01-01 22:14:00.428000+00:00,EURUSD,BID,1.17484,0.9
2026-01-01 22:14:00.583000+00:00,EURUSD,BID,1.17482,0.9
2026-01-01 22:14:00.687000+00:00,EURUSD,BID,1.17484,0.9
2026-01-01 22:14:00.996000+00:00,EURUSD,BID,1.17482,0.9
2026-01-01 22:14:01.101000+00:00,EURUSD,BID,1.17484,0.9
2026-01-01 22:14:01.360000+00:00,EURUSD,BID,1.17482,0.9
2026-01-01 22:14:01.463000+00:00,EURUSD,BID,1.17483,0.9
2026-01-01 22:14:01.588000+00:00,EURUSD,BID,1.17482,0.9
2026-01-01 22:14:01.694000+00:00,EURUSD,BID,1.17483,0.9
2026-01-01 22:14:02.107000+00:00,EURUSD,BID,1.17483,0.9
2026-01-01 22:14:02.160000+00:00,EURUSD,BID,1.17482,1.8
2026-01-01 22:14:02.213000+00:00,EURUSD,BID,1.17483,0.9
2026-01-01 22:14:02.316000+00:00,EURUSD,BID,1.17483,0.9
2026-01-01 22:14:02.421000+00:00,EURUSD,BID,1.17484,0.9
2026-01-01 22:14:02.628000+00:00,EURUSD,BID,1.17483,0.9
2026-01-01 22:14:02.886000+00:00,EURUSD,BID,1.17482,0.9
2026-01-01 22:14:02.990000+00:00,EURUSD,BID,1.17484,0.9
2026-01-01 22:14:03.094000+00:00,EURUSD,BID,1.17483,0.9
2026-01-01 22:14:03.198000+00:00,EURUSD,BID,1.17483,0.9
2026-01-01 22:14:03.508000+00:00,EURUSD,BID,1.17483,0.9
2026-01-01 22:14:03.612000+00:00,EURUSD,BID,1.17483,0.9
2026-01-01 22:14:03.819000+00:00,EURUSD,BID,1.17483,0.9
2026-01-01 22:14:03.924000+00:00,EURUSD,BID,1.17483,0.9
2026-01-01 22:14:04.027000+00:00,EURUSD,BID,1.17482,0.9
2026-01-01 22:14:04.184000+00:00,EURUSD,BID,1.17483,0.9
2026-01-01 22:14:04.288000+00:00,EURUSD,BID,1.17483,0.9
2026-01-01 22:14:04.392000+00:00,EURUSD,BID,1.17483,0.9
2026-01-01 22:14:04.497000+00:00,EURUSD,BID,1.17484,0.9
2026-01-01 22:14:04.549000+00:00,EURUSD,BID,1.17482,1.8
2026-01-01 22:14:04.603000+00:00,EURUSD,BID,1.17483,0.9
2026-01-01 22:14:04.706000+00:00,EURUSD,BID,1.17481,1.8
2026-01-01 22:14:04.862000+00:00,EURUSD,BID,1.17484,0.9
2026-01-01 22:14:04.965000+00:00,EURUSD,BID,1.17484,0.9
2026-01-01 22:14:05.018000+00:00,EURUSD,BID,1.17482,1.8
2026-01-01 22:14:05.071000+00:00,EURUSD,BID,1.17483,0.9
2026-01-01 22:14:05.124000+00:00,EURUSD,BID,1.17482,1.8
2026-01-01 22:14:05.177000+00:00,EURUSD,BID,1.17483,0.9
2026-01-01 22:14:05.434000+00:00,EURUSD,BID,1.17484,0.9
2026-01-01 22:14:05.538000+00:00,EURUSD,BID,1.17482,0.9
2026-01-01 22:14:05.642000+00:00,EURUSD,BID,1.17483,0.9
2026-01-01 22:14:05.952000+00:00,EURUSD,BID,1.17482,0.9
2026-01-01 22:14:06.055000+00:00,EURUSD,BID,1.17483,0.9
2026-01-01 22:14:06.159000+00:00,EURUSD,BID,1.17482,1.8
2026-01-01 22:14:06.212000+00:00,EURUSD,BID,1.17483,0.9
2026-01-01 22:14:06.521000+00:00,EURUSD,BID,1.17482,1.8
2026-01-01 22:14:06.574000+00:00,EURUSD,BID,1.17483,0.9
2026-01-01 22:14:06.729000+00:00,EURUSD,BID,1.17484,0.9
2026-01-01 22:14:06.934000+00:00,EURUSD,BID,1.17482,0.9
2026-01-01 22:14:07.039000+00:00,EURUSD,BID,1.17483,0.9
2026-01-01 22:14:07.246000+00:00,EURUSD,BID,1.17483,0.9
2026-01-01 22:14:07.452000+00:00,EURUSD,BID,1.17482,0.9
2026-01-01 22:14:07.557000+00:00,EURUSD,BID,1.17483,0.9
2026-01-01 22:14:07.660000+00:00,EURUSD,BID,1.17483,0.9
2026-01-01 22:14:07.764000+00:00,EURUSD,BID,1.17483,0.9
2026-01-01 22:14:07.919000+00:00,EURUSD,BID,1.17483,0.9
2026-01-01 22:14:08.024000+00:00,EURUSD,BID,1.17483,0.9
2026-01-01 22:14:08.128000+00:00,EURUSD,BID,1.17484,0.9
2026-01-01 22:14:08.232000+00:00,EURUSD,BID,1.17482,0.9
2026-01-01 22:14:08.336000+00:00,EURUSD,BID,1.17483,0.9
2026-01-01 22:14:08.439000+00:00,EURUSD,BID,1.17483,0.9
2026-01-01 22:14:08.648000+00:00,EURUSD,BID,1.17482,0.9
2026-01-01 22:14:08.752000+00:00,EURUSD,BID,1.17484,0.9
2026-01-01 22:14:08.856000+00:00,EURUSD,BID,1.17483,0.9
2026-01-01 22:14:08.960000+00:00,EURUSD,BID,1.17483,0.9
2026-01-01 22:14:09.217000+00:00,EURUSD,BID,1.17482,0.9
2026-01-01 22:14:09.321000+00:00,EURUSD,BID,1.17483,0.9
2026-01-01 22:14:09.374000+00:00,EURUSD,BID,1.17482,1.8
2026-01-01 22:14:09.477000+00:00,EURUSD,BID,1.17483,0.9
2026-01-01 22:14:09.582000+00:00,EURUSD,BID,1.17483,0.9
2026-01-01 22:14:09.739000+00:00,EURUSD,BID,1.17483,0.9
2026-01-01 22:14:09.843000+00:00,EURUSD,BID,1.17484,0.9
2026-01-01 22:14:10.154000+00:00,EURUSD,BID,1.17482,1.8
2026-01-01 22:14:10.207000+00:00,EURUSD,BID,1.17483,0.9
2026-01-01 22:14:10.311000+00:00,EURUSD,BID,1.17483,0.9
2026-01-01 22:14:10.569000+00:00,EURUSD,BID,1.17482,0.9
2026-01-01 22:14:10.674000+00:00,EURUSD,BID,1.17483,0.9
2026-01-01 22:14:10.778000+00:00,EURUSD,BID,1.17483,0.9
2026-01-01 22:14:10.883000+00:00,EURUSD,BID,1.17484,0.9
2026-01-01 22:14:11.088000+00:00,EURUSD,BID,1.17483,0.9
2026-01-01 22:14:11.295000+00:00,EURUSD,BID,1.17484,0.9
2026-01-01 22:14:11.399000+00:00,EURUSD,BID,1.17483,0.9
2026-01-01 22:14:11.503000+00:00,EURUSD,BID,1.17482,0.9
2026-01-01 22:14:11.609000+00:00,EURUSD,BID,1.17483,0.9
2026-01-01 22:14:11.919000+00:00,EURUSD,BID,1.17483,0.9
2026-01-01 22:14:12.023000+00:00,EURUSD,BID,1.17484,0.9
2026-01-01 22:14:12.076000+00:00,EURUSD,BID,1.17481,3.6
2026-01-01 22:14:12.129000+00:00,EURUSD,BID,1.17484,0.9
2026-01-01 22:14:12.284000+00:00,EURUSD,BID,1.17482,1.8
2026-01-01 22:14:12.388000+00:00,EURUSD,BID,1.17485,0.9
2026-01-01 22:14:12.492000+00:00,EURUSD,BID,1.17481,1.8
2026-01-01 22:14:12.598000+00:00,EURUSD,BID,1.17485,0.9
2026-01-01 22:14:12.651000+00:00,EURUSD,BID,1.17483,0.9
2026-01-01 22:14:12.703000+00:00,EURUSD,BID,1.17484,0.9
2026-01-01 22:14:12.807000+00:00,EURUSD,BID,1.17482,3.6
2026-01-01 22:14:12.911000+00:00,EURUSD,BID,1.17485,0.9
2026-01-01 22:14:13.118000+00:00,EURUSD,BID,1.17482,0.9
2026-01-01 22:14:13.171000+00:00,EURUSD,BID,1.17485,0.9
2026-01-01 22:14:13.223000+00:00,EURUSD,BID,1.17482,1.8
2026-01-01 22:14:13.276000+00:00,EURUSD,BID,1.17484,0.9
2026-01-01 22:14:13.380000+00:00,EURUSD,BID,1.17482,0.9
2026-01-01 22:14:13.433000+00:00,EURUSD,BID,1.17484,0.9
2026-01-01 22:14:13.640000+00:00,EURUSD,BID,1.17482,1.8
2026-01-01 22:14:13.697000+00:00,EURUSD,BID,1.17484,0.9
2026-01-01 22:14:13.857000+00:00,EURUSD,BID,1.17482,3.6
2026-01-01 22:14:13.962000+00:00,EURUSD,BID,1.17485,0.9
2026-01-01 22:14:14.066000+00:00,EURUSD,BID,1.17482,3.6
2026-01-01 22:14:14.172000+00:00,EURUSD,BID,1.17484,0.9
2026-01-01 22:14:14.381000+00:00,EURUSD,BID,1.17483,0.9
2026-01-01 22:14:14.436000+00:00,EURUSD,BID,1.17485,0.9
2026-01-01 22:14:14.591000+00:00,EURUSD,BID,1.17483,0.9
2026-01-01 22:14:14.696000+00:00,EURUSD,BID,1.17484,0.9
2026-01-01 22:14:14.800000+00:00,EURUSD,BID,1.17482,0.9
2026-01-01 22:14:14.903000+00:00,EURUSD,BID,1.17485,0.9
2026-01-01 22:14:14.957000+00:00,EURUSD,BID,1.17483,0.9
2026-01-01 22:14:15.009000+00:00,EURUSD,BID,1.17485,0.9
2026-01-01 22:14:15.163000+00:00,EURUSD,BID,1.17483,0.9
2026-01-01 22:14:15.267000+00:00,EURUSD,BID,1.17484,0.9
2026-01-01 22:14:15.371000+00:00,EURUSD,BID,1.17483,0.9
2026-01-01 22:14:15.475000+00:00,EURUSD,BID,1.17485,0.9
2026-01-01 22:14:15.528000+00:00,EURUSD,BID,1.17481,1.8
2026-01-01 22:14:15.580000+00:00,EURUSD,BID,1.17484,0.9
2026-01-01 22:14:15.684000+00:00,EURUSD,BID,1.17484,0.9
2026-01-01 22:14:15.788000+00:00,EURUSD,BID,1.17483,0.9
2026-01-01 22:14:15.892000+00:00,EURUSD,BID,1.17485,0.9
2026-01-01 22:14:15.945000+00:00,EURUSD,BID,1.17483,0.9
2026-01-01 22:14:15.998000+00:00,EURUSD,BID,1.17484,0.9
2026-01-01 22:14:16.153000+00:00,EURUSD,BID,1.17482,0.9
2026-01-01 22:14:16.205000+00:00,EURUSD,BID,1.17485,0.9
2026-01-01 22:14:16.360000+00:00,EURUSD,BID,1.17481,1.8
2026-01-01 22:14:16.464000+00:00,EURUSD,BID,1.17482,0.9
2026-01-01 22:14:16.516000+00:00,EURUSD,BID,1.17485,0.9
2026-01-01 22:14:16.569000+00:00,EURUSD,BID,1.17481,3.6
2026-01-01 22:14:16.673000+00:00,EURUSD,BID,1.17484,0.9
2026-01-01 22:14:17.034000+00:00,EURUSD,BID,1.17483,0.9
2026-01-01 22:14:17.138000+00:00,EURUSD,BID,1.17485,0.9
2026-01-01 22:14:17.242000+00:00,EURUSD,BID,1.17482,0.9
2026-01-01 22:14:17.346000+00:00,EURUSD,BID,1.17481,1.8
2026-01-01 22:14:17.450000+00:00,EURUSD,BID,1.17485,0.9
2026-01-01 22:14:17.657000+00:00,EURUSD,BID,1.17483,0.9
2026-01-01 22:14:17.710000+00:00,EURUSD,BID,1.17484,0.9
2026-01-01 22:14:17.814000+00:00,EURUSD,BID,1.17482,0.9
2026-01-01 22:14:17.919000+00:00,EURUSD,BID,1.17482,1.8
2026-01-01 22:14:17.971000+00:00,EURUSD,BID,1.17485,0.9
2026-01-01 22:14:18.280000+00:00,EURUSD,BID,1.17484,0.9
2026-01-01 22:14:18.435000+00:00,EURUSD,BID,1.17482,0.9
2026-01-01 22:14:18.540000+00:00,EURUSD,BID,1.17485,0.9
2026-01-01 22:14:18.644000+00:00,EURUSD,BID,1.17482,0.9
2026-01-01 22:14:18.801000+00:00,EURUSD,BID,1.17485,0.9
2026-01-01 22:14:19.008000+00:00,EURUSD,BID,1.17483,0.9
2026-01-01 22:14:19.061000+00:00,EURUSD,BID,1.17485,0.9
2026-01-01 22:14:19.165000+00:00,EURUSD,BID,1.17482,1.8
2026-01-01 22:14:19.217000+00:00,EURUSD,BID,1.17484,0.9
2026-01-01 22:14:19.321000+00:00,EURUSD,BID,1.17482,1.8
2026-01-01 22:14:19.374000+00:00,EURUSD,BID,1.17484,0.9
2026-01-01 22:14:19.426000+00:00,EURUSD,BID,1.17483,0.9
2026-01-01 22:14:19.478000+00:00,EURUSD,BID,1.17485,0.9
2026-01-01 22:14:19.530000+00:00,EURUSD,BID,1.17482,0.9
2026-01-01 22:14:19.583000+00:00,EURUSD,BID,1.17485,0.9
2026-01-01 22:14:19.944000+00:00,EURUSD,BID,1.17482,0.9
2026-01-01 22:14:19.996000+00:00,EURUSD,BID,1.17484,0.9
2026-01-01 22:14:20.100000+00:00,EURUSD,BID,1.17482,1.8
2026-01-01 22:14:20.153000+00:00,EURUSD,BID,1.17485,0.9
2026-01-01 22:14:20.308000+00:00,EURUSD,BID,1.17483,0.9
2026-01-01 22:14:20.412000+00:00,EURUSD,BID,1.17483,0.9
2026-01-01 22:14:20.515000+00:00,EURUSD,BID,1.17482,3.6
2026-01-01 22:14:20.569000+00:00,EURUSD,BID,1.17483,0.9
2026-01-01 22:14:20.723000+00:00,EURUSD,BID,1.17484,0.9
2026-01-01 22:14:20.930000+00:00,EURUSD,BID,1.17482,1.8
2026-01-01 22:14:20.982000+00:00,EURUSD,BID,1.17485,0.9
2026-01-01 22:14:21.087000+00:00,EURUSD,BID,1.17484,0.9
2026-01-01 22:14:21.140000+00:00,EURUSD,BID,1.17482,0.9
2026-01-01 22:14:21.243000+00:00,EURUSD,BID,1.17484,0.9
2026-01-01 22:14:21.398000+00:00,EURUSD,BID,1.17483,0.9
2026-01-01 22:14:21.502000+00:00,EURUSD,BID,1.17484,0.9
2026-01-01 22:14:21.605000+00:00,EURUSD,BID,1.17485,0.9
2026-01-01 22:14:21.709000+00:00,EURUSD,BID,1.17481,3.6
2026-01-01 22:14:21.761000+00:00,EURUSD,BID,1.17485,0.9
2026-01-01 22:14:21.865000+00:00,EURUSD,BID,1.17482,0.9
2026-01-01 22:14:21.969000+00:00,EURUSD,BID,1.17485,0.9
2026-01-01 22:14:22.228000+00:00,EURUSD,BID,1.17482,0.9
2026-01-01 22:14:22.280000+00:00,EURUSD,BID,1.17484,0.9
2026-01-01 22:14:22.436000+00:00,EURUSD,BID,1.17482,1.8
2026-01-01 22:14:22.489000+00:00,EURUSD,BID,1.17483,0.9
2026-01-01 22:14:22.592000+00:00,EURUSD,BID,1.17485,0.9
2026-01-01 22:14:22.748000+00:00,EURUSD,BID,1.17482,1.8
2026-01-01 22:14:22.852000+00:00,EURUSD,BID,1.17483,0.9
2026-01-01 22:14:22.956000+00:00,EURUSD,BID,1.17481,1.8
2026-01-01 22:14:23.009000+00:00,EURUSD,BID,1.17484,0.9
2026-01-01 22:14:23.372000+00:00,EURUSD,BID,1.17482,0.9
2026-01-01 22:14:23.426000+00:00,EURUSD,BID,1.17485,0.9
2026-01-01 22:14:23.530000+00:00,EURUSD,BID,1.17482,0.9
2026-01-01 22:14:23.635000+00:00,EURUSD,BID,1.17485,0.9
2026-01-01 22:14:23.740000+00:00,EURUSD,BID,1.17482,0.9
2026-01-01 22:14:23.845000+00:00,EURUSD,BID,1.17483,0.9
2026-01-01 22:14:23.898000+00:00,EURUSD,BID,1.17484,0.9
2026-01-01 22:14:24.054000+00:00,EURUSD,BID,1.17482,1.8
2026-01-01 22:14:24.107000+00:00,EURUSD,BID,1.17484,0.9
2026-01-01 22:14:24.314000+00:00,EURUSD,BID,1.17482,0.9
2026-01-01 22:14:24.367000+00:00,EURUSD,BID,1.17485,0.9
2026-01-01 22:14:24.472000+00:00,EURUSD,BID,1.17482,0.9
2026-01-01 22:14:24.525000+00:00,EURUSD,BID,1.17484,0.9
2026-01-01 22:14:24.681000+00:00,EURUSD,BID,1.17482,1.8
2026-01-01 22:14:24.836000+00:00,EURUSD,BID,1.17484,0.9
2026-01-01 22:14:24.992000+00:00,EURUSD,BID,1.17483,0.9
2026-01-01 22:14:25.096000+00:00,EURUSD,BID,1.17485,0.9
2026-01-01 22:14:25.252000+00:00,EURUSD,BID,1.17483,0.9
2026-01-01 22:14:25.305000+00:00,EURUSD,BID,1.17484,0.9
2026-01-01 22:14:25.410000+00:00,EURUSD,BID,1.17485,0.9
2026-01-01 22:14:25.464000+00:00,EURUSD,BID,1.17482,0.9
2026-01-01 22:14:25.568000+00:00,EURUSD,BID,1.17484,0.9
2026-01-01 22:14:25.673000+00:00,EURUSD,BID,1.17482,1.8
2026-01-01 22:14:25.726000+00:00,EURUSD,BID,1.17484,0.9
2026-01-01 22:14:25.881000+00:00,EURUSD,BID,1.17482,0.9
2026-01-01 22:14:25.941000+00:00,EURUSD,BID,1.17484,0.9
2026-01-01 22:14:26.046000+00:00,EURUSD,BID,1.17483,0.9
2026-01-01 22:14:26.099000+00:00,EURUSD,BID,1.17484,0.9
2026-01-01 22:14:26.204000+00:00,EURUSD,BID,1.17485,0.9
2026-01-01 22:14:26.410000+00:00,EURUSD,BID,1.17484,0.9
2026-01-01 22:14:26.463000+00:00,EURUSD,BID,1.17482,0.9
2026-01-01 22:14:26.515000+00:00,EURUSD,BID,1.17484,0.9
2026-01-01 22:14:26.671000+00:00,EURUSD,BID,1.17485,0.9
2026-01-01 22:14:26.878000+00:00,EURUSD,BID,1.17482,0.9
2026-01-01 22:14:26.932000+00:00,EURUSD,BID,1.17485,0.9
2026-01-01 22:14:27.037000+00:00,EURUSD,BID,1.17483,0.9
2026-01-01 22:14:27.089000+00:00,EURUSD,BID,1.17485,0.9
2026-01-01 22:14:27.194000+00:00,EURUSD,BID,1.17484,0.9
2026-01-01 22:14:27.297000+00:00,EURUSD,BID,1.17482,1.8
2026-01-01 22:14:27.349000+00:00,EURUSD,BID,1.17485,0.9
2026-01-01 22:14:27.454000+00:00,EURUSD,BID,1.17484,0.9
2026-01-01 22:14:27.506000+00:00,EURUSD,BID,1.17482,0.9
2026-01-01 22:14:27.611000+00:00,EURUSD,BID,1.17485,0.9
2026-01-01 22:14:27.715000+00:00,EURUSD,BID,1.17484,0.9
2026-01-01 22:14:27.768000+00:00,EURUSD,BID,1.17483,0.9
2026-01-01 22:14:27.925000+00:00,EURUSD,BID,1.17484,0.9
2026-01-01 22:14:28.028000+00:00,EURUSD,BID,1.17482,0.9
2026-01-01 22:14:28.132000+00:00,EURUSD,BID,1.17482,1.8
2026-01-01 22:14:28.185000+00:00,EURUSD,BID,1.17485,0.9
2026-01-01 22:14:28.342000+00:00,EURUSD,BID,1.17482,1.8
2026-01-01 22:14:28.446000+00:00,EURUSD,BID,1.17481,1.8
2026-01-01 22:14:28.499000+00:00,EURUSD,BID,1.17485,0.9
2026-01-01 22:14:28.654000+00:00,EURUSD,BID,1.17481,1.8
2026-01-01 22:14:28.759000+00:00,EURUSD,BID,1.17485,0.9
2026-01-01 22:14:28.811000+00:00,EURUSD,BID,1.17481,1.8
2026-01-01 22:14:28.864000+00:00,EURUSD,BID,1.17485,0.9
2026-01-01 22:14:29.173000+00:00,EURUSD,BID,1.17483,0.9
2026-01-01 22:14:29.278000+00:00,EURUSD,BID,1.17484,0.9
2026-01-01 22:14:29.382000+00:00,EURUSD,BID,1.17483,0.9
2026-01-01 22:14:30.038000+00:00,EURUSD,BID,1.17484,0.9
2026-01-01 22:14:30.141000+00:00,EURUSD,BID,1.17483,0.9
2026-01-01 22:14:52.539000+00:00,EURUSD,BID,1.17483,0.9
2026-01-01 22:14:53.599000+00:00,EURUSD,BID,1.17484,0.9
2026-01-01 22:15:00.641000+00:00,EURUSD,BID,1.17484,0.9
2026-01-01 22:15:01.600000+00:00,EURUSD,BID,1.17483,0.9
2026-01-01 22:15:14.620000+00:00,EURUSD,BID,1.17484,0.9
2026-01-01 22:15:22.927000+00:00,EURUSD,BID,1.17483,0.9
2026-01-01 22:15:29.313000+00:00,EURUSD,BID,1.17484,0.9
2026-01-01 22:15:29.366000+00:00,EURUSD,BID,1.17485,0.9
2026-01-01 22:15:29.419000+00:00,EURUSD,BID,1.17482,0.9
2026-01-01 22:15:29.473000+00:00,EURUSD,BID,1.1748,1.8
2026-01-01 22:15:30.533000+00:00,EURUSD,BID,1.17481,0.9
2026-01-01 22:15:37.765000+00:00,EURUSD,BID,1.17482,0.9
2026-01-01 22:15:38.019000+00:00,EURUSD,BID,1.17482,0.9
2026-01-01 22:15:38.927000+00:00,EURUSD,BID,1.1748,1.8
2026-01-01 22:15:45.026000+00:00,EURUSD,BID,1.1748,0.9
2026-01-01 22:15:51.109000+00:00,EURUSD,BID,1.1748,0.9
2026-01-01 22:16:06.830000+00:00,EURUSD,BID,1.17484,0.9
2026-01-01 22:16:06.882000+00:00,EURUSD,BID,1.17484,0.9
2026-01-01 22:16:07.892000+00:00,EURUSD,BID,1.17484,2.7
2026-01-01 22:16:07.996000+00:00,EURUSD,BID,1.17482,0.9
2026-01-01 22:16:29.496000+00:00,EURUSD,BID,1.17482,0.9
2026-01-01 22:16:30.105000+00:00,EURUSD,BID,1.17481,1.8
2026-01-01 22:16:30.157000+00:00,EURUSD,BID,1.17481,1.8
2026-01-01 22:16:32.741000+00:00,EURUSD,BID,1.1748,1.8
2026-01-01 22:16:32.846000+00:00,EURUSD,BID,1.1748,1.8
2026-01-01 22:16:32.951000+00:00,EURUSD,BID,1.17481,0.9
2026-01-01 22:16:34.247000+00:00,EURUSD,BID,1.1748,0.9
2026-01-01 22:16:34.352000+00:00,EURUSD,BID,1.17481,0.9
2026-01-01 22:16:34.509000+00:00,EURUSD,BID,1.1748,0.9
2026-01-01 22:16:34.613000+00:00,EURUSD,BID,1.17481,0.9
2026-01-01 22:16:34.771000+00:00,EURUSD,BID,1.1748,0.9
2026-01-01 22:16:34.876000+00:00,EURUSD,BID,1.17481,0.9
2026-01-01 22:16:34.982000+00:00,EURUSD,BID,1.17479,0.9
2026-01-01 22:16:35.088000+00:00,EURUSD,BID,1.17481,0.9
2026-01-01 22:16:35.297000+00:00,EURUSD,BID,1.17479,0.9
2026-01-01 22:16:35.402000+00:00,EURUSD,BID,1.17481,0.9
2026-01-01 22:16:35.507000+00:00,EURUSD,BID,1.1748,0.9
2026-01-01 22:16:35.664000+00:00,EURUSD,BID,1.1748,0.9
2026-01-01 22:16:35.769000+00:00,EURUSD,BID,1.1748,0.9
2026-01-01 22:16:35.927000+00:00,EURUSD,BID,1.1748,0.9
2026-01-01 22:16:36.082000+00:00,EURUSD,BID,1.1748,0.9
2026-01-01 22:16:36.289000+00:00,EURUSD,BID,1.17481,0.9
2026-01-01 22:16:36.393000+00:00,EURUSD,BID,1.1748,0.9
2026-01-01 22:16:36.703000+00:00,EURUSD,BID,1.1748,0.9
2026-01-01 22:16:36.807000+00:00,EURUSD,BID,1.17479,0.9
2026-01-01 22:16:42.556000+00:00,EURUSD,BID,1.17479,0.9
2026-01-01 22:16:42.660000+00:00,EURUSD,BID,1.17479,0.9
2026-01-01 22:16:42.764000+00:00,EURUSD,BID,1.17479,0.9
2026-01-01 22:16:42.869000+00:00,EURUSD,BID,1.17479,0.9
2026-01-01 22:16:43.024000+00:00,EURUSD,BID,1.17479,0.9
2026-01-01 22:16:43.128000+00:00,EURUSD,BID,1.17479,0.9
2026-01-01 22:16:43.388000+00:00,EURUSD,BID,1.17478,0.9
2026-01-01 22:16:43.492000+00:00,EURUSD,BID,1.1748,0.9
2026-01-01 22:16:43.699000+00:00,EURUSD,BID,1.17479,0.9
2026-01-01 22:16:43.856000+00:00,EURUSD,BID,1.17479,0.9
2026-01-01 22:16:44.013000+00:00,EURUSD,BID,1.17478,0.9
2026-01-01 22:16:44.117000+00:00,EURUSD,BID,1.1748,0.9
2026-01-01 22:16:44.273000+00:00,EURUSD,BID,1.17478,0.9
2026-01-01 22:16:44.378000+00:00,EURUSD,BID,1.1748,0.9
2026-01-01 22:16:44.482000+00:00,EURUSD,BID,1.17479,0.9
2026-01-01 22:16:44.586000+00:00,EURUSD,BID,1.1748,0.9
2026-01-01 22:16:44.742000+00:00,EURUSD,BID,1.17478,0.9
2026-01-01 22:16:44.846000+00:00,EURUSD,BID,1.17479,0.9
2026-01-01 22:16:44.950000+00:00,EURUSD,BID,1.17478,0.9
2026-01-01 22:16:45.055000+00:00,EURUSD,BID,1.1748,0.9
2026-01-01 22:16:45.212000+00:00,EURUSD,BID,1.17478,0.9
2026-01-01 22:16:45.316000+00:00,EURUSD,BID,1.1748,0.9
2026-01-01 22:16:45.784000+00:00,EURUSD,BID,1.17479,0.9
2026-01-01 22:16:45.889000+00:00,EURUSD,BID,1.1748,0.9
2026-01-01 22:16:45.993000+00:00,EURUSD,BID,1.17479,0.9
2026-01-01 22:16:46.149000+00:00,EURUSD,BID,1.17479,0.9
2026-01-01 22:16:46.255000+00:00,EURUSD,BID,1.17479,0.9
2026-01-01 22:16:46.360000+00:00,EURUSD,BID,1.17479,0.9
2026-01-01 22:16:46.775000+00:00,EURUSD,BID,1.17479,0.9
2026-01-01 22:16:46.879000+00:00,EURUSD,BID,1.17479,0.9
2026-01-01 22:16:46.983000+00:00,EURUSD,BID,1.17479,0.9
2026-01-01 22:16:47.087000+00:00,EURUSD,BID,1.17479,0.9
2026-01-01 22:16:47.242000+00:00,EURUSD,BID,1.17479,0.9
2026-01-01 22:16:47.346000+00:00,EURUSD,BID,1.17479,0.9
2026-01-01 22:16:47.449000+00:00,EURUSD,BID,1.17479,0.9
2026-01-01 22:16:47.553000+00:00,EURUSD,BID,1.17479,0.9
2026-01-01 22:16:47.760000+00:00,EURUSD,BID,1.17479,0.9
2026-01-01 22:16:47.864000+00:00,EURUSD,BID,1.1748,0.9
2026-01-01 22:16:48.175000+00:00,EURUSD,BID,1.17478,0.9
2026-01-01 22:16:48.282000+00:00,EURUSD,BID,1.1748,0.9
2026-01-01 22:16:48.390000+00:00,EURUSD,BID,1.17479,0.9
2026-01-01 22:16:48.496000+00:00,EURUSD,BID,1.1748,0.9
2026-01-01 22:16:48.912000+00:00,EURUSD,BID,1.17478,0.9
2026-01-01 22:16:49.016000+00:00,EURUSD,BID,1.1748,0.9
2026-01-01 22:16:49.326000+00:00,EURUSD,BID,1.17479,0.9
2026-01-01 22:16:49.431000+00:00,EURUSD,BID,1.17479,0.9
2026-01-01 22:16:49.535000+00:00,EURUSD,BID,1.17479,0.9
2026-01-01 22:16:49.638000+00:00,EURUSD,BID,1.1748,0.9
2026-01-01 22:16:49.793000+00:00,EURUSD,BID,1.17478,0.9
2026-01-01 22:16:49.897000+00:00,EURUSD,BID,1.17479,0.9
2026-01-01 22:16:50.308000+00:00,EURUSD,BID,1.17478,0.9
2026-01-01 22:16:50.413000+00:00,EURUSD,BID,1.17479,0.9
2026-01-01 22:16:50.568000+00:00,EURUSD,BID,1.17478,0.9
2026-01-01 22:16:50.724000+00:00,EURUSD,BID,1.1748,0.9
2026-01-01 22:16:50.827000+00:00,EURUSD,BID,1.17478,0.9
2026-01-01 22:16:50.932000+00:00,EURUSD,BID,1.17479,0.9
2026-01-01 22:16:51.036000+00:00,EURUSD,BID,1.17479,0.9
2026-01-01 22:16:51.243000+00:00,EURUSD,BID,1.1748,0.9
2026-01-01 22:16:51.450000+00:00,EURUSD,BID,1.17478,0.9
2026-01-01 22:16:51.606000+00:00,EURUSD,BID,1.17479,0.9
2026-01-01 22:16:51.763000+00:00,EURUSD,BID,1.17478,0.9
2026-01-01 22:16:51.866000+00:00,EURUSD,BID,1.1748,0.9
2026-01-01 22:16:52.020000+00:00,EURUSD,BID,1.17479,0.9
2026-01-01 22:16:52.124000+00:00,EURUSD,BID,1.1748,0.9
2026-01-01 22:16:52.279000+00:00,EURUSD,BID,1.17479,0.9
2026-01-01 22:16:52.382000+00:00,EURUSD,BID,1.17479,0.9
2026-01-01 22:16:52.487000+00:00,EURUSD,BID,1.17479,0.9
2026-01-01 22:16:52.591000+00:00,EURUSD,BID,1.17479,0.9
2026-01-01 22:16:52.747000+00:00,EURUSD,BID,1.17479,0.9
2026-01-01 22:16:52.902000+00:00,EURUSD,BID,1.1748,0.9
2026-01-01 22:16:53.007000+00:00,EURUSD,BID,1.17479,0.9
2026-01-01 22:16:53.162000+00:00,EURUSD,BID,1.1748,0.9
2026-01-01 22:16:53.473000+00:00,EURUSD,BID,1.17478,0.9
2026-01-01 22:16:53.577000+00:00,EURUSD,BID,1.1748,0.9
2026-01-01 22:16:53.734000+00:00,EURUSD,BID,1.17479,0.9
2026-01-01 22:16:53.941000+00:00,EURUSD,BID,1.17479,0.9
2026-01-01 22:16:54.096000+00:00,EURUSD,BID,1.17479,0.9
2026-01-01 22:16:54.253000+00:00,EURUSD,BID,1.1748,0.9
2026-01-01 22:16:54.409000+00:00,EURUSD,BID,1.17479,0.9
2026-01-01 22:16:54.515000+00:00,EURUSD,BID,1.17479,0.9
2026-01-01 22:16:54.723000+00:00,EURUSD,BID,1.17479,0.9
2026-01-01 22:16:54.827000+00:00,EURUSD,BID,1.1748,0.9
2026-01-01 22:16:54.931000+00:00,EURUSD,BID,1.17478,0.9
2026-01-01 22:16:55.035000+00:00,EURUSD,BID,1.1748,0.9
2026-01-01 22:16:55.294000+00:00,EURUSD,BID,1.17478,0.9
2026-01-01 22:16:55.398000+00:00,EURUSD,BID,1.17479,0.9
2026-01-01 22:16:55.552000+00:00,EURUSD,BID,1.17478,0.9
2026-01-01 22:16:55.657000+00:00,EURUSD,BID,1.1748,0.9
2026-01-01 22:16:55.761000+00:00,EURUSD,BID,1.17479,0.9
2026-01-01 22:16:55.868000+00:00,EURUSD,BID,1.17479,0.9
2026-01-01 22:16:55.972000+00:00,EURUSD,BID,1.17479,0.9
2026-01-01 22:16:56.076000+00:00,EURUSD,BID,1.17479,0.9
2026-01-01 22:16:56.180000+00:00,EURUSD,BID,1.17479,0.9
2026-01-01 22:16:56.285000+00:00,EURUSD,BID,1.1748,0.9
2026-01-01 22:16:56.441000+00:00,EURUSD,BID,1.17479,0.9
2026-01-01 22:16:56.546000+00:00,EURUSD,BID,1.17479,0.9
2026-01-01 22:16:56.651000+00:00,EURUSD,BID,1.17479,0.9
2026-01-01 22:16:56.755000+00:00,EURUSD,BID,1.17479,0.9
2026-01-01 22:16:56.859000+00:00,EURUSD,BID,1.17479,0.9
2026-01-01 22:16:56.963000+00:00,EURUSD,BID,1.17479,0.9
2026-01-01 22:16:57.068000+00:00,EURUSD,BID,1.17479,0.9
2026-01-01 22:16:57.171000+00:00,EURUSD,BID,1.1748,0.9
2026-01-01 22:16:57.482000+00:00,EURUSD,BID,1.17478,0.9
2026-01-01 22:16:57.587000+00:00,EURUSD,BID,1.17479,0.9
2026-01-01 22:16:57.743000+00:00,EURUSD,BID,1.17478,0.9
2026-01-01 22:16:57.848000+00:00,EURUSD,BID,1.1748,0.9
2026-01-01 22:16:57.952000+00:00,EURUSD,BID,1.17478,0.9
2026-01-01 22:16:58.059000+00:00,EURUSD,BID,1.17479,0.9
2026-01-01 22:16:58.318000+00:00,EURUSD,BID,1.17478,0.9
2026-01-01 22:16:58.422000+00:00,EURUSD,BID,1.1748,0.9
2026-01-01 22:16:58.683000+00:00,EURUSD,BID,1.17479,0.9
2026-01-01 22:16:58.890000+00:00,EURUSD,BID,1.1748,0.9
2026-01-01 22:16:58.995000+00:00,EURUSD,BID,1.17479,0.9
2026-01-01 22:16:59.099000+00:00,EURUSD,BID,1.17479,0.9
2026-01-01 22:16:59.202000+00:00,EURUSD,BID,1.17479,0.9
2026-01-01 22:16:59.306000+00:00,EURUSD,BID,1.17479,0.9
2026-01-01 22:16:59.410000+00:00,EURUSD,BID,1.17478,0.9
2026-01-01 22:16:59.514000+00:00,EURUSD,BID,1.17479,0.9
2026-01-01 22:16:59.618000+00:00,EURUSD,BID,1.17478,0.9
2026-01-01 22:16:59.722000+00:00,EURUSD,BID,1.17479,0.9
2026-01-01 22:16:59.930000+00:00,EURUSD,BID,1.17478,0.9
2026-01-01 22:17:00.036000+00:00,EURUSD,BID,1.1748,0.9
2026-01-01 22:17:00.552000+00:00,EURUSD,BID,1.17479,0.9
2026-01-01 22:17:00.707000+00:00,EURUSD,BID,1.1748,0.9
2026-01-01 22:17:00.863000+00:00,EURUSD,BID,1.17479,0.9
2026-01-01 22:17:00.967000+00:00,EURUSD,BID,1.17479,0.9
2026-01-01 22:17:01.279000+00:00,EURUSD,BID,1.17478,0.9
2026-01-01 22:17:01.485000+00:00,EURUSD,BID,1.1748,0.9
2026-01-01 22:17:01.589000+00:00,EURUSD,BID,1.17479,0.9
2026-01-01 22:17:01.693000+00:00,EURUSD,BID,1.1748,0.9
2026-01-01 22:17:01.850000+00:00,EURUSD,BID,1.17479,0.9
2026-01-01 22:17:01.953000+00:00,EURUSD,BID,1.17479,0.9
2026-01-01 22:17:02.159000+00:00,EURUSD,BID,1.17479,0.9
2026-01-01 22:17:02.316000+00:00,EURUSD,BID,1.17479,0.9
2026-01-01 22:17:02.471000+00:00,EURUSD,BID,1.17478,0.9
2026-01-01 22:17:02.576000+00:00,EURUSD,BID,1.1748,0.9
2026-01-01 22:17:02.680000+00:00,EURUSD,BID,1.17478,0.9
2026-01-01 22:17:02.833000+00:00,EURUSD,BID,1.1748,0.9
2026-01-01 22:17:03.195000+00:00,EURUSD,BID,1.17479,0.9
2026-01-01 22:17:03.299000+00:00,EURUSD,BID,1.17479,0.9
2026-01-01 22:17:03.453000+00:00,EURUSD,BID,1.17478,0.9
2026-01-01 22:17:03.557000+00:00,EURUSD,BID,1.1748,0.9
2026-01-01 22:17:03.662000+00:00,EURUSD,BID,1.17479,0.9
2026-01-01 22:17:03.766000+00:00,EURUSD,BID,1.17479,0.9
2026-01-01 22:17:03.871000+00:00,EURUSD,BID,1.17478,0.9
2026-01-01 22:17:03.974000+00:00,EURUSD,BID,1.1748,0.9
2026-01-01 22:17:04.129000+00:00,EURUSD,BID,1.17478,0.9
2026-01-01 22:17:04.232000+00:00,EURUSD,BID,1.17479,0.9
2026-01-01 22:17:04.337000+00:00,EURUSD,BID,1.17479,0.9
2026-01-01 22:17:04.440000+00:00,EURUSD,BID,1.17479,0.9
2026-01-01 22:17:04.597000+00:00,EURUSD,BID,1.17479,0.9
2026-01-01 22:17:04.701000+00:00,EURUSD,BID,1.1748,0.9
2026-01-01 22:17:04.857000+00:00,EURUSD,BID,1.17478,0.9
2026-01-01 22:17:04.961000+00:00,EURUSD,BID,1.1748,0.9
2026-01-01 22:17:05.271000+00:00,EURUSD,BID,1.17478,0.9
2026-01-01 22:17:05.375000+00:00,EURUSD,BID,1.1748,0.9
2026-01-01 22:17:05.480000+00:00,EURUSD,BID,1.17478,0.9
2026-01-01 22:17:05.636000+00:00,EURUSD,BID,1.1748,0.9
2026-01-01 22:17:05.843000+00:00,EURUSD,BID,1.17478,0.9
2026-01-01 22:17:05.949000+00:00,EURUSD,BID,1.1748,0.9
2026-01-01 22:17:06.055000+00:00,EURUSD,BID,1.17478,0.9
2026-01-01 22:17:06.209000+00:00,EURUSD,BID,1.1748,0.9
2026-01-01 22:17:06.313000+00:00,EURUSD,BID,1.17479,0.9
2026-01-01 22:17:06.676000+00:00,EURUSD,BID,1.17479,0.9
2026-01-01 22:17:06.780000+00:00,EURUSD,BID,1.17479,0.9
2026-01-01 22:17:06.934000+00:00,EURUSD,BID,1.17479,0.9
2026-01-01 22:17:07.090000+00:00,EURUSD,BID,1.17479,0.9
2026-01-01 22:17:07.194000+00:00,EURUSD,BID,1.1748,0.9
2026-01-01 22:17:07.555000+00:00,EURUSD,BID,1.17479,0.9
2026-01-01 22:17:07.659000+00:00,EURUSD,BID,1.17479,0.9
2026-01-01 22:17:07.969000+00:00,EURUSD,BID,1.17479,0.9
2026-01-01 22:17:08.073000+00:00,EURUSD,BID,1.17479,0.9
2026-01-01 22:17:08.280000+00:00,EURUSD,BID,1.17479,0.9
2026-01-01 22:17:08.384000+00:00,EURUSD,BID,1.1748,0.9
2026-01-01 22:17:08.641000+00:00,EURUSD,BID,1.17478,0.9
2026-01-01 22:17:08.797000+00:00,EURUSD,BID,1.17479,0.9
2026-01-01 22:17:08.901000+00:00,EURUSD,BID,1.17479,0.9
2026-01-01 22:17:09.005000+00:00,EURUSD,BID,1.17479,0.9
2026-01-01 22:17:09.161000+00:00,EURUSD,BID,1.17478,0.9
2026-01-01 22:17:09.266000+00:00,EURUSD,BID,1.1748,0.9
2026-01-01 22:17:09.421000+00:00,EURUSD,BID,1.17479,0.9
2026-01-01 22:17:09.783000+00:00,EURUSD,BID,1.17479,0.9
2026-01-01 22:17:10.092000+00:00,EURUSD,BID,1.17478,0.9
2026-01-01 22:17:10.555000+00:00,EURUSD,BID,1.1748,0.9
2026-01-01 22:17:10.659000+00:00,EURUSD,BID,1.17479,0.9
2026-01-01 22:17:10.763000+00:00,EURUSD,BID,1.1748,0.9
2026-01-01 22:17:10.918000+00:00,EURUSD,BID,1.17478,0.9
2026-01-01 22:17:11.125000+00:00,EURUSD,BID,1.17479,0.9
2026-01-01 22:17:11.435000+00:00,EURUSD,BID,1.17478,0.9
2026-01-01 22:17:11.541000+00:00,EURUSD,BID,1.1748,0.9
2026-01-01 22:17:11.802000+00:00,EURUSD,BID,1.17479,0.9
2026-01-01 22:17:11.907000+00:00,EURUSD,BID,1.17479,0.9
2026-01-01 22:17:12.068000+00:00,EURUSD,BID,1.17478,0.9
2026-01-01 22:17:12.175000+00:00,EURUSD,BID,1.17479,0.9
2026-01-01 22:17:12.279000+00:00,EURUSD,BID,1.17478,0.9
2026-01-01 22:17:12.493000+00:00,EURUSD,BID,1.1748,0.9
2026-01-01 22:17:12.701000+00:00,EURUSD,BID,1.17479,0.9
2026-01-01 22:17:12.805000+00:00,EURUSD,BID,1.1748,0.9
2026-01-01 22:17:12.960000+00:00,EURUSD,BID,1.17478,0.9
2026-01-01 22:17:13.065000+00:00,EURUSD,BID,1.1748,0.9
2026-01-01 22:17:13.170000+00:00,EURUSD,BID,1.17478,0.9
2026-01-01 22:17:13.274000+00:00,EURUSD,BID,1.1748,0.9
2026-01-01 22:17:13.378000+00:00,EURUSD,BID,1.17479,0.9
2026-01-01 22:17:13.534000+00:00,EURUSD,BID,1.17479,0.9
2026-01-01 22:17:13.740000+00:00,EURUSD,BID,1.17478,0.9
2026-01-01 22:17:13.844000+00:00,EURUSD,BID,1.1748,0.9
2026-01-01 22:17:14.310000+00:00,EURUSD,BID,1.17478,0.9
2026-01-01 22:17:14.415000+00:00,EURUSD,BID,1.1748,0.9
2026-01-01 22:17:14.982000+00:00,EURUSD,BID,1.17479,0.9
2026-01-01 22:17:15.086000+00:00,EURUSD,BID,1.1748,0.9
2026-01-01 22:17:15.346000+00:00,EURUSD,BID,1.17478,0.9
2026-01-01 22:17:15.450000+00:00,EURUSD,BID,1.17479,0.9
2026-01-01 22:17:15.709000+00:00,EURUSD,BID,1.17478,0.9
2026-01-01 22:17:15.814000+00:00,EURUSD,BID,1.17479,0.9
2026-01-01 22:17:16.430000+00:00,EURUSD,BID,1.17478,0.9
2026-01-01 22:17:16.535000+00:00,EURUSD,BID,1.1748,0.9
2026-01-01 22:17:16.711000+00:00,EURUSD,BID,1.17478,0.9
2026-01-01 22:17:16.921000+00:00,EURUSD,BID,1.17479,0.9
2026-01-01 22:17:17.129000+00:00,EURUSD,BID,1.17478,0.9
2026-01-01 22:17:17.234000+00:00,EURUSD,BID,1.17479,0.9
2026-01-01 22:17:17.442000+00:00,EURUSD,BID,1.17479,0.9
2026-01-01 22:17:17.547000+00:00,EURUSD,BID,1.17479,0.9
2026-01-01 22:17:17.911000+00:00,EURUSD,BID,1.17478,0.9
2026-01-01 22:17:18.014000+00:00,EURUSD,BID,1.1748,0.9
2026-01-01 22:17:18.479000+00:00,EURUSD,BID,1.17479,0.9
2026-01-01 22:17:18.583000+00:00,EURUSD,BID,1.1748,0.9
2026-01-01 22:17:18.790000+00:00,EURUSD,BID,1.17478,0.9
2026-01-01 22:17:18.894000+00:00,EURUSD,BID,1.17479,0.9
2026-01-01 22:17:19.050000+00:00,EURUSD,BID,1.17478,0.9
2026-01-01 22:17:19.153000+00:00,EURUSD,BID,1.17479,0.9
2026-01-01 22:17:19.412000+00:00,EURUSD,BID,1.17479,0.9
2026-01-01 22:17:19.568000+00:00,EURUSD,BID,1.17479,0.9
2026-01-01 22:17:19.723000+00:00,EURUSD,BID,1.17479,0.9
2026-01-01 22:17:19.931000+00:00,EURUSD,BID,1.17479,0.9
2026-01-01 22:17:20.035000+00:00,EURUSD,BID,1.17478,0.9
2026-01-01 22:17:20.189000+00:00,EURUSD,BID,1.1748,0.9
2026-01-01 22:17:20.345000+00:00,EURUSD,BID,1.17478,0.9
2026-01-01 22:17:20.552000+00:00,EURUSD,BID,1.1748,0.9
2026-01-01 22:17:20.656000+00:00,EURUSD,BID,1.17478,0.9
2026-01-01 22:17:20.811000+00:00,EURUSD,BID,1.1748,0.9
2026-01-01 22:17:20.915000+00:00,EURUSD,BID,1.17479,0.9
2026-01-01 22:17:21.071000+00:00,EURUSD,BID,1.17479,0.9
2026-01-01 22:17:21.174000+00:00,EURUSD,BID,1.17478,0.9
2026-01-01 22:17:21.278000+00:00,EURUSD,BID,1.17479,0.9
2026-01-01 22:17:21.381000+00:00,EURUSD,BID,1.17479,0.9
2026-01-01 22:17:21.485000+00:00,EURUSD,BID,1.1748,0.9
2026-01-01 22:17:21.947000+00:00,EURUSD,BID,1.17479,0.9
2026-01-01 22:17:22.053000+00:00,EURUSD,BID,1.17479,0.9
2026-01-01 22:17:22.156000+00:00,EURUSD,BID,1.17478,0.9
2026-01-01 22:17:22.261000+00:00,EURUSD,BID,1.1748,0.9
2026-01-01 22:17:22.365000+00:00,EURUSD,BID,1.17479,0.9
2026-01-01 22:17:22.469000+00:00,EURUSD,BID,1.1748,0.9
2026-01-01 22:17:22.728000+00:00,EURUSD,BID,1.17479,0.9
2026-01-01 22:17:22.883000+00:00,EURUSD,BID,1.1748,0.9
2026-01-01 22:17:22.987000+00:00,EURUSD,BID,1.17478,0.9
2026-01-01 22:17:23.144000+00:00,EURUSD,BID,1.1748,0.9
2026-01-01 22:17:23.301000+00:00,EURUSD,BID,1.17479,0.9
2026-01-01 22:17:23.404000+00:00,EURUSD,BID,1.17479,0.9
2026-01-01 22:17:23.662000+00:00,EURUSD,BID,1.17479,0.9
2026-01-01 22:17:23.818000+00:00,EURUSD,BID,1.1748,0.9
2026-01-01 22:17:24.180000+00:00,EURUSD,BID,1.17478,0.9
2026-01-01 22:17:24.336000+00:00,EURUSD,BID,1.1748,0.9
2026-01-01 22:17:24.439000+00:00,EURUSD,BID,1.17479,0.9
2026-01-01 22:17:24.543000+00:00,EURUSD,BID,1.1748,0.9
2026-01-01 22:17:24.904000+00:00,EURUSD,BID,1.17478,0.9
2026-01-01 22:17:25.009000+00:00,EURUSD,BID,1.17479,0.9
2026-01-01 22:17:25.319000+00:00,EURUSD,BID,1.17478,0.9
2026-01-01 22:17:25.423000+00:00,EURUSD,BID,1.1748,0.9
2026-01-01 22:17:25.631000+00:00,EURUSD,BID,1.17479,0.9
2026-01-01 22:17:25.735000+00:00,EURUSD,BID,1.1748,0.9
2026-01-01 22:17:26.047000+00:00,EURUSD,BID,1.17479,0.9
2026-01-01 22:17:26.202000+00:00,EURUSD,BID,1.17479,0.9
2026-01-01 22:17:26.461000+00:00,EURUSD,BID,1.17478,0.9
2026-01-01 22:17:26.667000+00:00,EURUSD,BID,1.17479,0.9
2026-01-01 22:17:26.771000+00:00,EURUSD,BID,1.17479,0.9
2026-01-01 22:17:26.927000+00:00,EURUSD,BID,1.17479,0.9
2026-01-01 22:17:27.083000+00:00,EURUSD,BID,1.17479,0.9
2026-01-01 22:17:27.187000+00:00,EURUSD,BID,1.1748,0.9
2026-01-01 22:17:27.290000+00:00,EURUSD,BID,1.17478,0.9
2026-01-01 22:17:27.394000+00:00,EURUSD,BID,1.17479,0.9
2026-01-01 22:17:49.969000+00:00,EURUSD,BID,1.17481,0.9
2026-01-01 22:17:50.075000+00:00,EURUSD,BID,1.17482,0.9
2026-01-01 22:17:50.333000+00:00,EURUSD,BID,1.17481,0.9
2026-01-01 22:17:50.437000+00:00,EURUSD,BID,1.17482,0.9
2026-01-01 22:17:50.644000+00:00,EURUSD,BID,1.17481,0.9
2026-01-01 22:17:50.750000+00:00,EURUSD,BID,1.17482,0.9
2026-01-01 22:17:50.854000+00:00,EURUSD,BID,1.1748,0.9
2026-01-01 22:17:51.129000+00:00,EURUSD,BID,1.17479,2.7
2026-01-01 22:17:51.905000+00:00,EURUSD,BID,1.17479,0.9
2026-01-01 22:17:52.060000+00:00,EURUSD,BID,1.17479,0.9
2026-01-01 22:17:52.216000+00:00,EURUSD,BID,1.17479,0.9
2026-01-01 22:17:52.320000+00:00,EURUSD,BID,1.1748,0.9
2026-01-01 22:17:52.423000+00:00,EURUSD,BID,1.17479,0.9
2026-01-01 22:17:52.527000+00:00,EURUSD,BID,1.17479,0.9
2026-01-01 22:17:52.631000+00:00,EURUSD,BID,1.17479,0.9
2026-01-01 22:17:52.735000+00:00,EURUSD,BID,1.17479,0.9
2026-01-01 22:17:52.838000+00:00,EURUSD,BID,1.17478,0.9
2026-01-01 22:17:52.941000+00:00,EURUSD,BID,1.17479,0.9
2026-01-01 22:17:53.044000+00:00,EURUSD,BID,1.17478,0.9
2026-01-01 22:17:53.148000+00:00,EURUSD,BID,1.1748,0.9
2026-01-01 22:17:57.735000+00:00,EURUSD,BID,1.17481,0.9
2026-01-01 22:17:57.840000+00:00,EURUSD,BID,1.17482,0.9
2026-01-01 22:17:57.944000+00:00,EURUSD,BID,1.1748,0.9
2026-01-01 22:17:58.153000+00:00,EURUSD,BID,1.17482,0.9
2026-01-01 22:17:58.311000+00:00,EURUSD,BID,1.1748,0.9
2026-01-01 22:17:58.519000+00:00,EURUSD,BID,1.17482,0.9
2026-01-01 22:17:58.779000+00:00,EURUSD,BID,1.17481,0.9
2026-01-01 22:17:58.883000+00:00,EURUSD,BID,1.1748,0.9
2026-01-01 22:17:59.813000+00:00,EURUSD,BID,1.17479,0.9
2026-01-01 22:18:00.122000+00:00,EURUSD,BID,1.17479,0.9
2026-01-01 22:18:00.330000+00:00,EURUSD,BID,1.17478,0.9
2026-01-01 22:18:00.486000+00:00,EURUSD,BID,1.17479,0.9
2026-01-01 22:18:00.798000+00:00,EURUSD,BID,1.17479,0.9
2026-01-01 22:18:00.902000+00:00,EURUSD,BID,1.1748,0.9
2026-01-01 22:18:13.917000+00:00,EURUSD,BID,1.17479,0.9
2026-01-01 22:18:14.020000+00:00,EURUSD,BID,1.1748,0.9
2026-01-01 22:19:00.942000+00:00,EURUSD,BID,1.17479,0.9
2026-01-01 22:19:01.508000+00:00,EURUSD,BID,1.17479,0.9
2026-01-01 22:19:01.767000+00:00,EURUSD,BID,1.1748,0.9
2026-01-01 22:19:02.283000+00:00,EURUSD,BID,1.17479,0.9
2026-01-01 22:19:02.540000+00:00,EURUSD,BID,1.1748,0.9
2026-01-01 22:19:02.798000+00:00,EURUSD,BID,1.1748,0.9
2026-01-01 22:19:03.058000+00:00,EURUSD,BID,1.17479,0.9
2026-01-01 22:19:03.264000+00:00,EURUSD,BID,1.1748,0.9
2026-01-01 22:19:03.524000+00:00,EURUSD,BID,1.1748,0.9
2026-01-01 22:19:03.785000+00:00,EURUSD,BID,1.1748,0.9
2026-01-01 22:19:04.557000+00:00,EURUSD,BID,1.17479,0.9
2026-01-01 22:19:05.073000+00:00,EURUSD,BID,1.17479,0.9
2026-01-01 22:19:05.535000+00:00,EURUSD,BID,1.1748,0.9
2026-01-01 22:19:05.795000+00:00,EURUSD,BID,1.17479,0.9
2026-01-01 22:19:06.054000+00:00,EURUSD,BID,1.1748,0.9
2026-01-01 22:19:06.570000+00:00,EURUSD,BID,1.17479,0.9
2026-01-01 22:19:06.828000+00:00,EURUSD,BID,1.1748,0.9
2026-01-01 22:19:08.061000+00:00,EURUSD,BID,1.1748,0.9
2026-01-01 22:19:08.317000+00:00,EURUSD,BID,1.17479,0.9
2026-01-01 22:19:09.348000+00:00,EURUSD,BID,1.17479,0.9
2026-01-01 22:19:09.861000+00:00,EURUSD,BID,1.17479,0.9
2026-01-01 22:19:10.117000+00:00,EURUSD,BID,1.17479,0.9
2026-01-01 22:19:10.631000+00:00,EURUSD,BID,1.17479,0.9
2026-01-01 22:19:11.403000+00:00,EURUSD,BID,1.17479,0.9
2026-01-01 22:19:11.662000+00:00,EURUSD,BID,1.1748,0.9
2026-01-01 22:19:11.919000+00:00,EURUSD,BID,1.1748,0.9
2026-01-01 22:19:13.148000+00:00,EURUSD,BID,1.17479,0.9
2026-01-01 22:19:13.406000+00:00,EURUSD,BID,1.1748,0.9
2026-01-01 22:19:14.432000+00:00,EURUSD,BID,1.1748,0.9
2026-01-01 22:19:14.639000+00:00,EURUSD,BID,1.17479,0.9
2026-01-01 22:19:14.898000+00:00,EURUSD,BID,1.1748,0.9
2026-01-01 22:19:15.157000+00:00,EURUSD,BID,1.1748,0.9
2026-01-01 22:19:15.415000+00:00,EURUSD,BID,1.17479,0.9
2026-01-01 22:19:15.929000+00:00,EURUSD,BID,1.17479,0.9
2026-01-01 22:19:16.188000+00:00,EURUSD,BID,1.1748,0.9
2026-01-01 22:19:16.654000+00:00,EURUSD,BID,1.17479,0.9
2026-01-01 22:19:16.912000+00:00,EURUSD,BID,1.17479,0.9
2026-01-01 22:19:17.680000+00:00,EURUSD,BID,1.1748,0.9
2026-01-01 22:19:17.957000+00:00,EURUSD,BID,1.1748,0.9
2026-01-01 22:19:18.421000+00:00,EURUSD,BID,1.1748,0.9
2026-01-01 22:19:18.934000+00:00,EURUSD,BID,1.1748,0.9
2026-01-01 22:19:19.191000+00:00,EURUSD,BID,1.1748,0.9
2026-01-01 22:19:19.449000+00:00,EURUSD,BID,1.17479,0.9
2026-01-01 22:19:19.707000+00:00,EURUSD,BID,1.17479,0.9
2026-01-01 22:19:20.221000+00:00,EURUSD,BID,1.1748,0.9
2026-01-01 22:19:20.477000+00:00,EURUSD,BID,1.17479,0.9
2026-01-01 22:19:21.197000+00:00,EURUSD,BID,1.17479,0.9
2026-01-01 22:19:21.710000+00:00,EURUSD,BID,1.17479,0.9
2026-01-01 22:19:21.969000+00:00,EURUSD,BID,1.17479,0.9
2026-01-01 22:19:23.202000+00:00,EURUSD,BID,1.17479,0.9
2026-01-01 22:19:23.459000+00:00,EURUSD,BID,1.1748,0.9
2026-01-01 22:19:23.716000+00:00,EURUSD,BID,1.17479,0.9
2026-01-01 22:19:24.486000+00:00,EURUSD,BID,1.17479,0.9
2026-01-01 22:19:24.744000+00:00,EURUSD,BID,1.17479,0.9
2026-01-01 22:19:25.001000+00:00,EURUSD,BID,1.17479,0.9
2026-01-01 22:19:25.259000+00:00,EURUSD,BID,1.1748,0.9
2026-01-01 22:19:25.466000+00:00,EURUSD,BID,1.17479,0.9
2026-01-01 22:19:25.724000+00:00,EURUSD,BID,1.1748,0.9
2026-01-01 22:19:26.239000+00:00,EURUSD,BID,1.17479,0.9
2026-01-01 22:19:27.263000+00:00,EURUSD,BID,1.1748,0.9
2026-01-01 22:19:27.775000+00:00,EURUSD,BID,1.1748,0.9
2026-01-01 22:20:16.717000+00:00,EURUSD,BID,1.17481,0.9
2026-01-01 22:20:33.830000+00:00,EURUSD,BID,1.17476,0.9
2026-01-01 22:20:34.795000+00:00,EURUSD,BID,1.17477,0.9
2026-01-01 22:20:34.950000+00:00,EURUSD,BID,1.17477,0.9
2026-01-01 22:20:37.268000+00:00,EURUSD,BID,1.17476,0.9
2026-01-01 22:20:50.247000+00:00,EURUSD,BID,1.17476,0.9
2026-01-01 22:20:57.488000+00:00,EURUSD,BID,1.17476,0.9
2026-01-01 22:21:40.420000+00:00,EURUSD,BID,1.17474,0.9
2026-01-01 22:21:51.460000+00:00,EURUSD,BID,1.17475,0.9
2026-01-01 22:22:29.393000+00:00,EURUSD,BID,1.17473,2.7
2026-01-01 22:22:32.002000+00:00,EURUSD,BID,1.17472,0.9
2026-01-01 22:22:33.815000+00:00,EURUSD,BID,1.17471,0.9
2026-01-01 22:22:33.918000+00:00,EURUSD,BID,1.17472,0.9
2026-01-01 22:22:34.023000+00:00,EURUSD,BID,1.17472,0.9
2026-01-01 22:22:34.126000+00:00,EURUSD,BID,1.17472,0.9
2026-01-01 22:22:34.230000+00:00,EURUSD,BID,1.17472,0.9
2026-01-01 22:22:34.335000+00:00,EURUSD,BID,1.17473,0.9
2026-01-01 22:22:34.490000+00:00,EURUSD,BID,1.17472,0.9
2026-01-01 22:22:34.594000+00:00,EURUSD,BID,1.17472,0.9
2026-01-01 22:22:34.698000+00:00,EURUSD,BID,1.17472,0.9
2026-01-01 22:22:34.803000+00:00,EURUSD,BID,1.17472,0.9
2026-01-01 22:22:35.061000+00:00,EURUSD,BID,1.17472,0.9
2026-01-01 22:22:35.319000+00:00,EURUSD,BID,1.17471,0.9
2026-01-01 22:22:35.473000+00:00,EURUSD,BID,1.17473,0.9
2026-01-01 22:22:35.731000+00:00,EURUSD,BID,1.17472,0.9
2026-01-01 22:22:35.835000+00:00,EURUSD,BID,1.17473,0.9
2026-01-01 22:22:36.042000+00:00,EURUSD,BID,1.17473,0.9
2026-01-01 22:22:36.300000+00:00,EURUSD,BID,1.17472,0.9
2026-01-01 22:22:36.455000+00:00,EURUSD,BID,1.17473,0.9
2026-01-01 22:22:36.559000+00:00,EURUSD,BID,1.17472,0.9
2026-01-01 22:22:36.817000+00:00,EURUSD,BID,1.17473,0.9
2026-01-01 22:22:37.074000+00:00,EURUSD,BID,1.17472,0.9
2026-01-01 22:22:37.178000+00:00,EURUSD,BID,1.17471,0.9
2026-01-01 22:22:37.282000+00:00,EURUSD,BID,1.17472,0.9
2026-01-01 22:22:37.386000+00:00,EURUSD,BID,1.17472,0.9
2026-01-01 22:22:37.490000+00:00,EURUSD,BID,1.17472,0.9
2026-01-01 22:22:37.593000+00:00,EURUSD,BID,1.17473,0.9
2026-01-01 22:22:37.697000+00:00,EURUSD,BID,1.17471,0.9
2026-01-01 22:22:37.801000+00:00,EURUSD,BID,1.17473,0.9
2026-01-01 22:22:37.956000+00:00,EURUSD,BID,1.17472,0.9
2026-01-01 22:22:38.112000+00:00,EURUSD,BID,1.17472,0.9
2026-01-01 22:22:38.215000+00:00,EURUSD,BID,1.17472,0.9
2026-01-01 22:22:38.319000+00:00,EURUSD,BID,1.17472,0.9
2026-01-01 22:22:38.576000+00:00,EURUSD,BID,1.17472,0.9
2026-01-01 22:22:38.680000+00:00,EURUSD,BID,1.17471,0.9
2026-01-01 22:22:38.784000+00:00,EURUSD,BID,1.17473,0.9
2026-01-01 22:22:38.940000+00:00,EURUSD,BID,1.17472,0.9
2026-01-01 22:22:39.044000+00:00,EURUSD,BID,1.17472,0.9
2026-01-01 22:22:39.199000+00:00,EURUSD,BID,1.17472,0.9
2026-01-01 22:22:39.562000+00:00,EURUSD,BID,1.17471,0.9
2026-01-01 22:22:39.716000+00:00,EURUSD,BID,1.17472,0.9
2026-01-01 22:22:40.335000+00:00,EURUSD,BID,1.17472,0.9
2026-01-01 22:22:40.594000+00:00,EURUSD,BID,1.17473,0.9
2026-01-01 22:22:40.698000+00:00,EURUSD,BID,1.17471,0.9
2026-01-01 22:22:40.803000+00:00,EURUSD,BID,1.17472,0.9
2026-01-01 22:22:40.907000+00:00,EURUSD,BID,1.17472,0.9
2026-01-01 22:22:41.012000+00:00,EURUSD,BID,1.17471,0.9
2026-01-01 22:22:41.116000+00:00,EURUSD,BID,1.17473,0.9
2026-01-01 22:22:41.323000+00:00,EURUSD,BID,1.17473,0.9
2026-01-01 22:22:41.529000+00:00,EURUSD,BID,1.17472,0.9
2026-01-01 22:22:41.632000+00:00,EURUSD,BID,1.17472,0.9
2026-01-01 22:22:41.941000+00:00,EURUSD,BID,1.17472,0.9
2026-01-01 22:22:42.044000+00:00,EURUSD,BID,1.17473,0.9
2026-01-01 22:22:42.148000+00:00,EURUSD,BID,1.17471,0.9
2026-01-01 22:22:42.251000+00:00,EURUSD,BID,1.17472,0.9
2026-01-01 22:22:42.458000+00:00,EURUSD,BID,1.17472,0.9
2026-01-01 22:22:42.562000+00:00,EURUSD,BID,1.17473,0.9
2026-01-01 22:22:42.666000+00:00,EURUSD,BID,1.17472,0.9
2026-01-01 22:22:42.770000+00:00,EURUSD,BID,1.17473,0.9
2026-01-01 22:22:42.823000+00:00,EURUSD,BID,1.17473,0.9
2026-01-01 22:22:43.132000+00:00,EURUSD,BID,1.17472,0.9
2026-01-01 22:22:43.236000+00:00,EURUSD,BID,1.17473,0.9
2026-01-01 22:22:43.443000+00:00,EURUSD,BID,1.17471,0.9
2026-01-01 22:22:43.546000+00:00,EURUSD,BID,1.17473,0.9
2026-01-01 22:22:43.856000+00:00,EURUSD,BID,1.17473,0.9
2026-01-01 22:22:43.960000+00:00,EURUSD,BID,1.17472,0.9
2026-01-01 22:22:44.063000+00:00,EURUSD,BID,1.17473,0.9
2026-01-01 22:22:44.117000+00:00,EURUSD,BID,1.17472,0.9
2026-01-01 22:22:44.323000+00:00,EURUSD,BID,1.17471,0.9
2026-01-01 22:22:44.427000+00:00,EURUSD,BID,1.17473,0.9
2026-01-01 22:22:44.787000+00:00,EURUSD,BID,1.17471,0.9
2026-01-01 22:22:44.891000+00:00,EURUSD,BID,1.17472,0.9
2026-01-01 22:22:45.098000+00:00,EURUSD,BID,1.17473,0.9
2026-01-01 22:22:45.304000+00:00,EURUSD,BID,1.17472,0.9
2026-01-01 22:22:45.460000+00:00,EURUSD,BID,1.17472,0.9
2026-01-01 22:22:45.616000+00:00,EURUSD,BID,1.17473,0.9
2026-01-01 22:22:45.771000+00:00,EURUSD,BID,1.17471,0.9
2026-01-01 22:22:45.875000+00:00,EURUSD,BID,1.17473,0.9
2026-01-01 22:22:46.185000+00:00,EURUSD,BID,1.17472,0.9
2026-01-01 22:22:46.288000+00:00,EURUSD,BID,1.17472,0.9
2026-01-01 22:22:46.546000+00:00,EURUSD,BID,1.17472,0.9
2026-01-01 22:22:46.600000+00:00,EURUSD,BID,1.17472,0.9
2026-01-01 22:22:46.703000+00:00,EURUSD,BID,1.17473,0.9
2026-01-01 22:22:46.858000+00:00,EURUSD,BID,1.17472,0.9
2026-01-01 22:22:46.962000+00:00,EURUSD,BID,1.17473,0.9
2026-01-01 22:22:47.066000+00:00,EURUSD,BID,1.17472,0.9
2026-01-01 22:22:47.221000+00:00,EURUSD,BID,1.17472,0.9
2026-01-01 22:22:47.324000+00:00,EURUSD,BID,1.17471,0.9
2026-01-01 22:22:47.429000+00:00,EURUSD,BID,1.17472,0.9
2026-01-01 22:22:47.737000+00:00,EURUSD,BID,1.17472,0.9
2026-01-01 22:22:47.944000+00:00,EURUSD,BID,1.17472,0.9
2026-01-01 22:22:48.048000+00:00,EURUSD,BID,1.17472,0.9
2026-01-01 22:22:48.101000+00:00,EURUSD,BID,1.17472,0.9
2026-01-01 22:22:48.461000+00:00,EURUSD,BID,1.17472,0.9
2026-01-01 22:22:48.564000+00:00,EURUSD,BID,1.17473,0.9
2026-01-01 22:22:48.668000+00:00,EURUSD,BID,1.17472,0.9
2026-01-01 22:22:48.925000+00:00,EURUSD,BID,1.17472,0.9
2026-01-01 22:22:49.234000+00:00,EURUSD,BID,1.17472,0.9
2026-01-01 22:22:49.338000+00:00,EURUSD,BID,1.17473,0.9
2026-01-01 22:22:49.595000+00:00,EURUSD,BID,1.17472,0.9
2026-01-01 22:22:49.699000+00:00,EURUSD,BID,1.17473,0.9
2026-01-01 22:22:49.904000+00:00,EURUSD,BID,1.17472,0.9
2026-01-01 22:22:50.007000+00:00,EURUSD,BID,1.17472,0.9
2026-01-01 22:22:50.112000+00:00,EURUSD,BID,1.17472,0.9
2026-01-01 22:22:50.370000+00:00,EURUSD,BID,1.17472,0.9
2026-01-01 22:22:50.474000+00:00,EURUSD,BID,1.17471,0.9
2026-01-01 22:22:50.576000+00:00,EURUSD,BID,1.17472,0.9
2026-01-01 22:22:50.987000+00:00,EURUSD,BID,1.17472,0.9
2026-01-01 22:22:51.142000+00:00,EURUSD,BID,1.17472,0.9
2026-01-01 22:22:51.296000+00:00,EURUSD,BID,1.17471,0.9
2026-01-01 22:22:51.400000+00:00,EURUSD,BID,1.17472,0.9
2026-01-01 22:22:51.503000+00:00,EURUSD,BID,1.17471,0.9
2026-01-01 22:22:51.657000+00:00,EURUSD,BID,1.17472,0.9
2026-01-01 22:22:51.813000+00:00,EURUSD,BID,1.17471,0.9
2026-01-01 22:22:51.916000+00:00,EURUSD,BID,1.17472,0.9
2026-01-01 22:22:52.173000+00:00,EURUSD,BID,1.17472,0.9
2026-01-01 22:22:52.328000+00:00,EURUSD,BID,1.17472,0.9
2026-01-01 22:22:52.382000+00:00,EURUSD,BID,1.17472,0.9
