datetime,symbol,price_type,price
2026-01-01 18:02:25.204,EURUSD,BID,1.17286
2026-01-01 18:03:25.290,EURUSD,BID,1.17285
2026-01-01 18:04:09.352,EURUSD,BID,1.17446
2026-01-01 18:04:21.371,EURUSD,BID,1.17444
2026-01-01 18:04:24.374,EURUSD,BID,1.17443
2026-01-01 18:04:34.388,EURUSD,BID,1.17418
2026-01-01 18:05:05.449,EURUSD,BID,1.17412
2026-01-01 18:05:54.526,EURUSD,BID,1.17407
2026-01-01 18:06:04.540,EURUSD,BID,1.17412
2026-01-01 18:06:44.594,EURUSD,BID,1.17416
2026-01-01 18:06:54.628,EURUSD,BID,1.17412
2026-01-01 18:07:24.661,EURUSD,BID,1.17407
2026-01-01 18:07:44.688,EURUSD,BID,1.17412
2026-01-01 18:08:44.776,EURUSD,BID,1.17416
2026-01-01 18:08:54.792,EURUSD,BID,1.17412
2026-01-01 18:09:34.854,EURUSD,BID,1.17407
2026-01-01 18:09:44.870,EURUSD,BID,1.17412
2026-01-01 18:09:54.878,EURUSD,BID,1.17416
2026-01-01 18:10:04.892,EURUSD,BID,1.17412
2026-01-01 18:10:24.922,EURUSD,BID,1.17407
2026-01-01 18:10:34.938,EURUSD,BID,1.17412
2026-01-01 18:11:55.047,EURUSD,BID,1.17416
2026-01-01 18:12:05.053,EURUSD,BID,1.17412
2026-01-01 18:13:14.150,EURUSD,BID,1.17407
2026-01-01 18:13:24.171,EURUSD,BID,1.17412
2026-01-01 18:13:54.211,EURUSD,BID,1.17416
2026-01-01 18:14:04.225,EURUSD,BID,1.17412
2026-01-01 18:15:14.326,EURUSD,BID,1.17416
2026-01-01 18:15:24.335,EURUSD,BID,1.17412
2026-01-01 18:15:34.350,EURUSD,BID,1.17416
2026-01-01 18:15:54.373,EURUSD,BID,1.17412
2026-01-01 18:16:44.445,EURUSD,BID,1.17416
2026-01-01 18:16:54.460,EURUSD,BID,1.17407
2026-01-01 18:17:04.477,EURUSD,BID,1.17412
2026-01-01 18:19:14.645,EURUSD,BID,1.17416
2026-01-01 18:19:24.663,EURUSD,BID,1.17412
2026-01-01 18:20:04.709,EURUSD,BID,1.17416
2026-01-01 18:20:14.724,EURUSD,BID,1.17412
2026-01-01 18:21:04.799,EURUSD,BID,1.17416
2026-01-01 18:21:14.807,EURUSD,BID,1.17412
2026-01-01 18:22:14.887,EURUSD,BID,1.17407
2026-01-01 18:22:24.895,EURUSD,BID,1.17412
2026-01-01 18:22:54.942,EURUSD,BID,1.17416
2026-01-01 18:23:04.951,EURUSD,BID,1.17412
2026-01-01 18:23:24.984,EURUSD,BID,1.17416
2026-01-01 18:23:34.995,EURUSD,BID,1.17412
2026-01-01 18:23:55.030,EURUSD,BID,1.17407
2026-01-01 18:24:05.040,EURUSD,BID,1.17412
2026-01-01 18:24:25.063,EURUSD,BID,1.17416
2026-01-01 18:24:35.075,EURUSD,BID,1.17412
2026-01-01 18:24:54.142,EURUSD,BID,1.17416
2026-01-01 18:25:04.153,EURUSD,BID,1.17412
2026-01-01 18:25:14.169,EURUSD,BID,1.17407
2026-01-01 18:25:24.179,EURUSD,BID,1.17412
2026-01-01 18:25:34.193,EURUSD,BID,1.17416
2026-01-01 18:25:44.204,EURUSD,BID,1.17407
2026-01-01 18:25:54.211,EURUSD,BID,1.17412
2026-01-01 18:27:14.293,EURUSD,BID,1.17416
2026-01-01 18:27:24.311,EURUSD,BID,1.17412
2026-01-01 18:28:24.400,EURUSD,BID,1.17416
2026-01-01 18:28:34.411,EURUSD,BID,1.17407
2026-01-01 18:28:44.426,EURUSD,BID,1.17416
2026-01-01 18:28:54.491,EURUSD,BID,1.17412
2026-01-01 18:30:04.575,EURUSD,BID,1.17407
2026-01-01 18:30:14.601,EURUSD,BID,1.17412
2026-01-01 18:31:24.690,EURUSD,BID,1.17407
2026-01-01 18:31:34.711,EURUSD,BID,1.17412
2026-01-01 18:32:24.781,EURUSD,BID,1.17416
2026-01-01 18:32:34.789,EURUSD,BID,1.17412
2026-01-01 18:33:54.902,EURUSD,BID,1.17416
2026-01-01 18:34:04.917,EURUSD,BID,1.17412
2026-01-01 18:34:24.951,EURUSD,BID,1.17416
2026-01-01 18:34:34.968,EURUSD,BID,1.17412
2026-01-01 18:34:55.000,EURUSD,BID,1.17416
2026-01-01 18:35:05.016,EURUSD,BID,1.17412
2026-01-01 18:35:35.069,EURUSD,BID,1.17416
2026-01-01 18:35:45.075,EURUSD,BID,1.17412
2026-01-01 18:36:34.150,EURUSD,BID,1.17407
2026-01-01 18:36:44.163,EURUSD,BID,1.17412
2026-01-01 18:36:54.174,EURUSD,BID,1.17407
2026-01-01 18:37:04.185,EURUSD,BID,1.17412
2026-01-01 18:37:24.211,EURUSD,BID,1.17407
2026-01-01 18:37:34.221,EURUSD,BID,1.17412
2026-01-01 18:38:24.290,EURUSD,BID,1.17407
2026-01-01 18:38:34.303,EURUSD,BID,1.17412
2026-01-01 18:39:04.349,EURUSD,BID,1.17416
2026-01-01 18:39:14.356,EURUSD,BID,1.17412
2026-01-01 18:41:04.510,EURUSD,BID,1.17416
2026-01-01 18:41:14.527,EURUSD,BID,1.17407
2026-01-01 18:41:24.538,EURUSD,BID,1.17412
2026-01-01 18:42:24.624,EURUSD,BID,1.17416
2026-01-01 18:42:34.630,EURUSD,BID,1.17412
2026-01-01 18:43:04.713,EURUSD,BID,1.17416
2026-01-01 18:43:14.722,EURUSD,BID,1.17412
2026-01-01 18:44:14.797,EURUSD,BID,1.17416
2026-01-01 18:44:24.806,EURUSD,BID,1.17412
2026-01-01 18:45:34.889,EURUSD,BID,1.17407
2026-01-01 18:45:44.907,EURUSD,BID,1.17412
2026-01-01 18:46:04.922,EURUSD,BID,1.17416
2026-01-01 18:46:14.941,EURUSD,BID,1.17407
2026-01-01 18:46:24.956,EURUSD,BID,1.17412
2026-01-01 18:47:45.075,EURUSD,BID,1.17416
2026-01-01 18:47:55.086,EURUSD,BID,1.17412
2026-01-01 18:49:04.178,EURUSD,BID,1.17408
2026-01-01 18:49:14.190,EURUSD,BID,1.17412
2026-01-01 18:50:14.322,EURUSD,BID,1.17408
2026-01-01 18:50:24.336,EURUSD,BID,1.17412
2026-01-01 18:52:24.545,EURUSD,BID,1.17416
2026-01-01 18:52:44.567,EURUSD,BID,1.17412
2026-01-01 18:53:14.597,EURUSD,BID,1.17416
2026-01-01 18:53:24.610,EURUSD,BID,1.17412
2026-01-01 18:55:24.758,EURUSD,BID,1.17287
2026-01-01 18:55:34.768,EURUSD,BID,1.17408
2026-01-01 18:55:44.791,EURUSD,BID,1.17412
2026-01-01 18:57:04.909,EURUSD,BID,1.17416
2026-01-01 18:57:14.917,EURUSD,BID,1.17412
2026-01-01 18:58:15.007,EURUSD,BID,1.17416
2026-01-01 18:58:25.018,EURUSD,BID,1.17408
2026-01-01 18:58:35.038,EURUSD,BID,1.17412
2026-01-01 19:00:14.169,EURUSD,BID,1.17416
2026-01-01 19:00:24.187,EURUSD,BID,1.17412
2026-01-01 19:01:24.270,EURUSD,BID,1.17416
2026-01-01 19:01:34.281,EURUSD,BID,1.17412
2026-01-01 19:01:54.317,EURUSD,BID,1.17408
2026-01-01 19:02:04.329,EURUSD,BID,1.17412
2026-01-01 19:02:34.374,EURUSD,BID,1.17416
2026-01-01 19:02:44.385,EURUSD,BID,1.17412
2026-01-01 19:05:04.637,EURUSD,BID,1.17408
2026-01-01 19:05:14.648,EURUSD,BID,1.17412
2026-01-01 19:05:54.712,EURUSD,BID,1.17408
2026-01-01 19:06:04.729,EURUSD,BID,1.17412
2026-01-01 19:06:34.780,EURUSD,BID,1.17408
2026-01-01 19:06:44.793,EURUSD,BID,1.17412
2026-01-01 19:06:54.804,EURUSD,BID,1.17416
2026-01-01 19:07:04.816,EURUSD,BID,1.17412
2026-01-01 19:07:54.940,EURUSD,BID,1.17408
2026-01-01 19:08:04.958,EURUSD,BID,1.17412
2026-01-01 19:08:44.017,EURUSD,BID,1.1741
2026-01-01 19:09:25.081,EURUSD,BID,1.17406
2026-01-01 19:09:45.100,EURUSD,BID,1.17411
2026-01-01 19:10:14.141,EURUSD,BID,1.17406
2026-01-01 19:10:24.168,EURUSD,BID,1.17411
2026-01-01 19:10:25.166,EURUSD,BID,1.17418
2026-01-01 19:10:26.181,EURUSD,BID,1.17436
2026-01-01 19:10:27.195,EURUSD,BID,1.17411
2026-01-01 19:10:44.228,EURUSD,BID,1.17413
2026-01-01 19:11:36.301,EURUSD,BID,1.17417
2026-01-01 19:11:46.317,EURUSD,BID,1.17413
2026-01-01 19:13:06.444,EURUSD,BID,1.17409
2026-01-01 19:13:16.457,EURUSD,BID,1.17413
2026-01-01 19:13:36.492,EURUSD,BID,1.17417
2026-01-01 19:13:46.512,EURUSD,BID,1.17413
2026-01-01 19:14:08.536,EURUSD,BID,1.17411
2026-01-01 19:15:06.618,EURUSD,BID,1.17415
2026-01-01 19:15:16.634,EURUSD,BID,1.17411
2026-01-01 19:15:26.648,EURUSD,BID,1.17406
2026-01-01 19:15:36.667,EURUSD,BID,1.17411
2026-01-01 19:16:26.746,EURUSD,BID,1.17415
2026-01-01 19:16:36.762,EURUSD,BID,1.17411
2026-01-01 19:16:41.765,EURUSD,BID,1.17411
2026-01-01 19:16:43.767,EURUSD,BID,1.17411
2026-01-01 19:16:46.772,EURUSD,BID,1.17415
2026-01-01 19:16:48.776,EURUSD,BID,1.17415
2026-01-01 19:16:56.780,EURUSD,BID,1.17411
2026-01-01 19:17:26.826,EURUSD,BID,1.17415
2026-01-01 19:17:36.843,EURUSD,BID,1.17411
2026-01-01 19:17:39.851,EURUSD,BID,1.17413
2026-01-01 19:18:26.915,EURUSD,BID,1.17408
2026-01-01 19:18:36.931,EURUSD,BID,1.17413
2026-01-01 19:19:27.005,EURUSD,BID,1.17408
2026-01-01 19:19:37.018,EURUSD,BID,1.17413
2026-01-01 19:19:47.038,EURUSD,BID,1.17408
2026-01-01 19:19:57.059,EURUSD,BID,1.17413
2026-01-01 19:21:17.181,EURUSD,BID,1.17408
2026-01-01 19:21:26.193,EURUSD,BID,1.17413
2026-01-01 19:21:46.219,EURUSD,BID,1.17417
2026-01-01 19:21:56.231,EURUSD,BID,1.17413
2026-01-01 19:22:16.258,EURUSD,BID,1.17408
2026-01-01 19:22:26.279,EURUSD,BID,1.17413
2026-01-01 19:22:56.312,EURUSD,BID,1.17408
2026-01-01 19:23:06.332,EURUSD,BID,1.17413
2026-01-01 19:23:36.376,EURUSD,BID,1.17417
2026-01-01 19:23:46.387,EURUSD,BID,1.17413
2026-01-01 19:24:16.448,EURUSD,BID,1.17417
2026-01-01 19:24:26.466,EURUSD,BID,1.17413
2026-01-01 19:26:06.635,EURUSD,BID,1.17417
2026-01-01 19:26:16.645,EURUSD,BID,1.17413
2026-01-01 19:27:26.730,EURUSD,BID,1.17408
2026-01-01 19:27:36.747,EURUSD,BID,1.17413
2026-01-01 19:28:16.813,EURUSD,BID,1.17417
2026-01-01 19:28:26.822,EURUSD,BID,1.17413
2026-01-01 19:29:06.884,EURUSD,BID,1.17417
2026-01-01 19:29:17.317,EURUSD,BID,1.17413
2026-01-01 19:31:07.065,EURUSD,BID,1.17417
2026-01-01 19:31:17.078,EURUSD,BID,1.17413
2026-01-01 19:32:07.141,EURUSD,BID,1.17417
2026-01-01 19:32:17.164,EURUSD,BID,1.17413
2026-01-01 19:32:36.197,EURUSD,BID,1.17417
2026-01-01 19:32:46.212,EURUSD,BID,1.17413
2026-01-01 19:33:16.269,EURUSD,BID,1.17408
2026-01-01 19:33:18.296,EURUSD,BID,1.17426
2026-01-01 19:33:21.300,EURUSD,BID,1.17401
2026-01-01 19:33:22.306,EURUSD,BID,1.174
2026-01-01 19:33:26.315,EURUSD,BID,1.17405
2026-01-01 19:33:48.359,EURUSD,BID,1.17406
2026-01-01 19:34:08.396,EURUSD,BID,1.17322
2026-01-01 19:34:11.399,EURUSD,BID,1.17323
2026-01-01 19:34:21.422,EURUSD,BID,1.17325
2026-01-01 19:34:36.451,EURUSD,BID,1.17402
2026-01-01 19:34:46.460,EURUSD,BID,1.17406
2026-01-01 19:34:56.475,EURUSD,BID,1.17411
2026-01-01 19:35:06.488,EURUSD,BID,1.17406
2026-01-01 19:35:56.561,EURUSD,BID,1.17402
2026-01-01 19:36:06.575,EURUSD,BID,1.17406
2026-01-01 19:37:06.669,EURUSD,BID,1.17411
2026-01-01 19:37:16.687,EURUSD,BID,1.17406
2026-01-01 19:39:16.866,EURUSD,BID,1.17411
2026-01-01 19:39:26.878,EURUSD,BID,1.17406
2026-01-01 19:39:46.915,EURUSD,BID,1.17411
2026-01-01 19:39:56.930,EURUSD,BID,1.17406
2026-01-01 19:40:34.989,EURUSD,BID,1.17411
2026-01-01 19:40:44.997,EURUSD,BID,1.17407
2026-01-01 19:40:55.011,EURUSD,BID,1.17411
2026-01-01 19:41:05.026,EURUSD,BID,1.17407
2026-01-01 19:42:14.128,EURUSD,BID,1.17407
2026-01-01 19:42:24.144,EURUSD,BID,1.17407
2026-01-01 19:43:04.193,EURUSD,BID,1.17407
2026-01-01 19:43:05.196,EURUSD,BID,1.17407
2026-01-01 19:43:14.206,EURUSD,BID,1.17407
2026-01-01 19:43:24.222,EURUSD,BID,1.17407
2026-01-01 19:44:14.290,EURUSD,BID,1.17407
2026-01-01 19:44:24.302,EURUSD,BID,1.17407
2026-01-01 19:45:59.430,EURUSD,BID,1.17341
2026-01-01 19:47:14.538,EURUSD,BID,1.17409
2026-01-01 19:47:20.542,EURUSD,BID,1.17389
2026-01-01 19:47:24.552,EURUSD,BID,1.17385
2026-01-01 19:47:31.562,EURUSD,BID,1.17375
2026-01-01 19:47:38.569,EURUSD,BID,1.17365
2026-01-01 19:47:54.600,EURUSD,BID,1.17361
2026-01-01 19:48:04.647,EURUSD,BID,1.17365
2026-01-01 19:48:24.675,EURUSD,BID,1.17361
2026-01-01 19:48:34.688,EURUSD,BID,1.17369
2026-01-01 19:48:44.699,EURUSD,BID,1.17361
2026-01-01 19:48:48.703,EURUSD,BID,1.17359
2026-01-01 19:48:49.708,EURUSD,BID,1.17361
2026-01-01 19:48:54.713,EURUSD,BID,1.17365
2026-01-01 19:48:55.715,EURUSD,BID,1.17372
2026-01-01 19:48:56.713,EURUSD,BID,1.17364
2026-01-01 19:48:57.711,EURUSD,BID,1.17365
2026-01-01 19:50:54.862,EURUSD,BID,1.17369
2026-01-01 19:51:04.872,EURUSD,BID,1.17365
2026-01-01 19:51:24.894,EURUSD,BID,1.17369
2026-01-01 19:51:34.912,EURUSD,BID,1.17365
2026-01-01 19:51:44.938,EURUSD,BID,1.17369
2026-01-01 19:51:54.950,EURUSD,BID,1.17365
2026-01-01 19:54:24.187,EURUSD,BID,1.17361
2026-01-01 19:54:34.209,EURUSD,BID,1.17365
2026-01-01 19:55:34.298,EURUSD,BID,1.17361
2026-01-01 19:55:44.311,EURUSD,BID,1.17365
2026-01-01 19:56:34.388,EURUSD,BID,1.17369
2026-01-01 19:56:54.406,EURUSD,BID,1.17365
2026-01-01 19:57:04.420,EURUSD,BID,1.17369
2026-01-01 19:57:14.430,EURUSD,BID,1.17365
2026-01-01 19:57:34.475,EURUSD,BID,1.17369
2026-01-01 19:57:54.504,EURUSD,BID,1.17365
2026-01-01 19:59:24.635,EURUSD,BID,1.17361
2026-01-01 19:59:34.652,EURUSD,BID,1.17365
2026-01-01 20:00:44.741,EURUSD,BID,1.17361
2026-01-01 20:00:54.760,EURUSD,BID,1.17365
2026-01-01 20:01:04.786,EURUSD,BID,1.17369
2026-01-01 20:01:14.797,EURUSD,BID,1.17365
2026-01-01 20:01:54.854,EURUSD,BID,1.17369
2026-01-01 20:02:04.868,EURUSD,BID,1.17365
2026-01-01 20:02:14.882,EURUSD,BID,1.17369
2026-01-01 20:02:24.899,EURUSD,BID,1.17365
2026-01-01 20:03:35.001,EURUSD,BID,1.17369
2026-01-01 20:03:55.033,EURUSD,BID,1.17365
2026-01-01 20:04:05.047,EURUSD,BID,1.17361
2026-01-01 20:04:15.063,EURUSD,BID,1.17369
2026-01-01 20:04:25.078,EURUSD,BID,1.17365
2026-01-01 20:05:24.161,EURUSD,BID,1.17361
2026-01-01 20:05:34.178,EURUSD,BID,1.17369
2026-01-01 20:05:44.190,EURUSD,BID,1.17365
2026-01-01 20:06:24.246,EURUSD,BID,1.17369
2026-01-01 20:06:44.277,EURUSD,BID,1.17365
2026-01-01 20:07:14.365,EURUSD,BID,1.17361
2026-01-01 20:07:24.385,EURUSD,BID,1.17365
2026-01-01 20:08:04.449,EURUSD,BID,1.17361
2026-01-01 20:08:24.487,EURUSD,BID,1.17365
2026-01-01 20:08:34.501,EURUSD,BID,1.17366
2026-01-01 20:10:44.703,EURUSD,BID,1.17369
2026-01-01 20:11:04.737,EURUSD,BID,1.17366
2026-01-01 20:11:34.774,EURUSD,BID,1.17369
2026-01-01 20:11:54.807,EURUSD,BID,1.17366
2026-01-01 20:12:04.817,EURUSD,BID,1.17366
2026-01-01 20:12:44.877,EURUSD,BID,1.17366
2026-01-01 20:12:54.961,EURUSD,BID,1.17366
2026-01-01 20:14:35.094,EURUSD,BID,1.17369
2026-01-01 20:14:54.119,EURUSD,BID,1.17366
2026-01-01 20:15:24.161,EURUSD,BID,1.17366
2026-01-01 20:15:34.173,EURUSD,BID,1.17369
2026-01-01 20:15:52.195,EURUSD,BID,1.17371
2026-01-01 20:16:04.212,EURUSD,BID,1.17367
2026-01-01 20:16:34.257,EURUSD,BID,1.17363
2026-01-01 20:16:44.272,EURUSD,BID,1.17367
2026-01-01 20:19:04.461,EURUSD,BID,1.17371
2026-01-01 20:19:14.475,EURUSD,BID,1.17367
2026-01-01 20:19:44.517,EURUSD,BID,1.17371
2026-01-01 20:19:54.533,EURUSD,BID,1.17367
2026-01-01 20:21:14.644,EURUSD,BID,1.17363
2026-01-01 20:21:24.662,EURUSD,BID,1.17367
2026-01-01 20:23:04.819,EURUSD,BID,1.17363
2026-01-01 20:23:14.832,EURUSD,BID,1.17367
2026-01-01 20:24:54.987,EURUSD,BID,1.17363
2026-01-01 20:25:15.019,EURUSD,BID,1.17367
2026-01-01 20:25:35.059,EURUSD,BID,1.17363
2026-01-01 20:25:45.068,EURUSD,BID,1.17371
2026-01-01 20:25:55.081,EURUSD,BID,1.17367
2026-01-01 20:27:24.224,EURUSD,BID,1.17363
2026-01-01 20:27:44.253,EURUSD,BID,1.17367
2026-01-01 20:28:24.317,EURUSD,BID,1.17371
2026-01-01 20:28:34.328,EURUSD,BID,1.17367
2026-01-01 20:28:44.348,EURUSD,BID,1.17371
2026-01-01 20:28:54.359,EURUSD,BID,1.17367
2026-01-01 20:29:44.452,EURUSD,BID,1.17363
2026-01-01 20:29:54.467,EURUSD,BID,1.17367
2026-01-01 20:30:24.503,EURUSD,BID,1.17362
2026-01-01 20:30:34.516,EURUSD,BID,1.17367
2026-01-01 20:32:34.709,EURUSD,BID,1.17362
2026-01-01 20:32:44.730,EURUSD,BID,1.17371
2026-01-01 20:32:54.743,EURUSD,BID,1.17367
2026-01-01 20:33:14.768,EURUSD,BID,1.17371
2026-01-01 20:33:24.789,EURUSD,BID,1.17367
2026-01-01 20:33:53.842,EURUSD,BID,1.17365
2026-01-01 20:34:34.910,EURUSD,BID,1.17369
2026-01-01 20:34:44.920,EURUSD,BID,1.17365
2026-01-01 20:38:04.244,EURUSD,BID,1.1736
2026-01-01 20:38:14.262,EURUSD,BID,1.17369
2026-01-01 20:38:24.274,EURUSD,BID,1.17365
2026-01-01 20:38:34.284,EURUSD,BID,1.1736
2026-01-01 20:38:44.307,EURUSD,BID,1.17365
2026-01-01 20:38:54.328,EURUSD,BID,1.1736
2026-01-01 20:39:04.341,EURUSD,BID,1.17369
2026-01-01 20:39:14.356,EURUSD,BID,1.1736
2026-01-01 20:39:24.368,EURUSD,BID,1.17365
2026-01-01 20:39:44.399,EURUSD,BID,1.1736
2026-01-01 20:39:54.419,EURUSD,BID,1.17365
2026-01-01 20:41:44.574,EURUSD,BID,1.17369
2026-01-01 20:41:54.587,EURUSD,BID,1.17365
2026-01-01 20:42:04.603,EURUSD,BID,1.17369
2026-01-01 20:42:14.612,EURUSD,BID,1.17365
2026-01-01 20:42:34.642,EURUSD,BID,1.1736
2026-01-01 20:42:54.672,EURUSD,BID,1.17365
2026-01-01 20:44:04.775,EURUSD,BID,1.17369
2026-01-01 20:44:14.788,EURUSD,BID,1.17365
2026-01-01 20:44:34.818,EURUSD,BID,1.17369
2026-01-01 20:44:44.829,EURUSD,BID,1.17365
2026-01-01 20:45:34.915,EURUSD,BID,1.17369
2026-01-01 20:45:44.926,EURUSD,BID,1.17361
2026-01-01 20:45:54.955,EURUSD,BID,1.17365
2026-01-01 20:46:14.979,EURUSD,BID,1.17369
2026-01-01 20:46:25.006,EURUSD,BID,1.17361
2026-01-01 20:46:35.020,EURUSD,BID,1.17365
2026-01-01 20:47:25.096,EURUSD,BID,1.17361
2026-01-01 20:47:35.106,EURUSD,BID,1.17369
2026-01-01 20:47:44.121,EURUSD,BID,1.17365
2026-01-01 20:47:54.133,EURUSD,BID,1.17361
2026-01-01 20:48:04.146,EURUSD,BID,1.17365
2026-01-01 20:49:04.244,EURUSD,BID,1.17361
2026-01-01 20:49:14.253,EURUSD,BID,1.17365
2026-01-01 20:49:24.283,EURUSD,BID,1.1737
2026-01-01 20:49:34.298,EURUSD,BID,1.17365
2026-01-01 20:49:54.326,EURUSD,BID,1.1737
2026-01-01 20:50:04.343,EURUSD,BID,1.17365
2026-01-01 20:51:34.455,EURUSD,BID,1.1737
2026-01-01 20:51:44.474,EURUSD,BID,1.17361
2026-01-01 20:51:54.491,EURUSD,BID,1.17365
2026-01-01 20:52:16.529,EURUSD,BID,1.17366
2026-01-01 20:52:17.531,EURUSD,BID,1.17366
2026-01-01 20:52:18.534,EURUSD,BID,1.17365
2026-01-01 20:52:21.536,EURUSD,BID,1.17366
2026-01-01 20:52:22.538,EURUSD,BID,1.17366
2026-01-01 20:52:23.535,EURUSD,BID,1.17365
2026-01-01 20:52:54.584,EURUSD,BID,1.1737
2026-01-01 20:53:04.596,EURUSD,BID,1.17365
2026-01-01 20:53:44.658,EURUSD,BID,1.1737
2026-01-01 20:53:54.671,EURUSD,BID,1.17365
2026-01-01 20:54:04.683,EURUSD,BID,1.1737
2026-01-01 20:54:14.696,EURUSD,BID,1.17361
2026-01-01 20:54:24.714,EURUSD,BID,1.17365
2026-01-01 20:55:04.777,EURUSD,BID,1.1737
2026-01-01 20:55:14.785,EURUSD,BID,1.17365
2026-01-01 20:55:44.844,EURUSD,BID,1.17361
2026-01-01 20:55:54.854,EURUSD,BID,1.1737
2026-01-01 20:55:59.860,EURUSD,BID,1.1737
2026-01-01 20:56:01.860,EURUSD,BID,1.1737
2026-01-01 20:56:04.868,EURUSD,BID,1.17366
2026-01-01 20:56:06.871,EURUSD,BID,1.17365
2026-01-01 20:58:22.079,EURUSD,BID,1.17369
2026-01-01 20:58:24.077,EURUSD,BID,1.1737
2026-01-01 20:58:25.080,EURUSD,BID,1.17366
2026-01-01 20:58:35.093,EURUSD,BID,1.1737
2026-01-01 20:58:38.094,EURUSD,BID,1.17371
2026-01-01 20:58:40.098,EURUSD,BID,1.17373
2026-01-01 20:58:44.106,EURUSD,BID,1.17374
2026-01-01 20:58:45.109,EURUSD,BID,1.17378
2026-01-01 20:58:48.111,EURUSD,BID,1.17379
2026-01-01 20:58:54.122,EURUSD,BID,1.17375
2026-01-01 20:59:42.209,EURUSD,BID,1.17442
2026-01-01 20:59:58.229,EURUSD,BID,1.17433
2026-01-01 21:00:00.241,EURUSD,BID,1.17432
2026-01-01 21:00:05.255,EURUSD,BID,1.17433
2026-01-01 21:00:12.263,EURUSD,BID,1.17434
2026-01-01 21:00:15.271,EURUSD,BID,1.17443
2026-01-01 21:00:33.305,EURUSD,BID,1.17443
2026-01-01 21:00:41.317,EURUSD,BID,1.17444
2026-01-01 21:00:46.325,EURUSD,BID,1.17434
2026-01-01 21:00:53.339,EURUSD,BID,1.17422
2026-01-01 21:01:06.360,EURUSD,BID,1.17423
2026-01-01 21:01:08.361,EURUSD,BID,1.17424
2026-01-01 21:01:09.363,EURUSD,BID,1.17425
2026-01-01 21:01:11.361,EURUSD,BID,1.17426
2026-01-01 21:01:12.365,EURUSD,BID,1.17427
2026-01-01 21:01:14.365,EURUSD,BID,1.17428
2026-01-01 21:01:15.368,EURUSD,BID,1.17429
2026-01-01 21:01:17.369,EURUSD,BID,1.1743
2026-01-01 21:01:18.374,EURUSD,BID,1.17431
2026-01-01 21:01:19.376,EURUSD,BID,1.17432
2026-01-01 21:01:21.378,EURUSD,BID,1.17433
2026-01-01 21:01:22.381,EURUSD,BID,1.17434
2026-01-01 21:01:54.465,EURUSD,BID,1.17438
2026-01-01 21:02:04.482,EURUSD,BID,1.17434
2026-01-01 21:03:44.640,EURUSD,BID,1.1743
2026-01-01 21:04:04.673,EURUSD,BID,1.17434
2026-01-01 21:04:24.700,EURUSD,BID,1.17438
2026-01-01 21:04:34.721,EURUSD,BID,1.17434
2026-01-01 21:04:44.729,EURUSD,BID,1.17438
2026-01-01 21:04:54.745,EURUSD,BID,1.17434
2026-01-01 21:07:04.982,EURUSD,BID,1.17462
2026-01-01 21:07:14.999,EURUSD,BID,1.17462
2026-01-01 21:07:25.018,EURUSD,BID,1.17462
2026-01-01 21:08:54.176,EURUSD,BID,1.17462
2026-01-01 21:09:04.191,EURUSD,BID,1.17462
2026-01-01 21:09:14.204,EURUSD,BID,1.17462
2026-01-01 21:09:24.225,EURUSD,BID,1.17462
2026-01-01 21:09:44.262,EURUSD,BID,1.17462
2026-01-01 21:09:54.275,EURUSD,BID,1.17462
2026-01-01 21:11:34.506,EURUSD,BID,1.17462
2026-01-01 21:11:54.533,EURUSD,BID,1.17462
2026-01-01 21:14:24.784,EURUSD,BID,1.17462
2026-01-01 21:14:44.815,EURUSD,BID,1.17462
2026-01-01 21:15:14.869,EURUSD,BID,1.17462
2026-01-01 21:15:24.884,EURUSD,BID,1.17462
2026-01-01 21:15:34.910,EURUSD,BID,1.17462
2026-01-01 21:15:54.943,EURUSD,BID,1.17462
2026-01-01 21:16:24.989,EURUSD,BID,1.17462
2026-01-01 21:16:35.002,EURUSD,BID,1.17462
2026-01-01 21:16:45.015,EURUSD,BID,1.17462
2026-01-01 21:17:25.090,EURUSD,BID,1.17462
2026-01-01 21:17:35.107,EURUSD,BID,1.17462
2026-01-01 21:17:45.125,EURUSD,BID,1.17462
2026-01-01 21:18:04.158,EURUSD,BID,1.17462
2026-01-01 21:18:14.180,EURUSD,BID,1.17462
2026-01-01 21:19:04.251,EURUSD,BID,1.17461
2026-01-01 21:19:24.285,EURUSD,BID,1.17461
2026-01-01 21:20:04.337,EURUSD,BID,1.17461
2026-01-01 21:20:14.358,EURUSD,BID,1.17461
2026-01-01 21:21:54.529,EURUSD,BID,1.17461
2026-01-01 21:22:14.558,EURUSD,BID,1.17461
2026-01-01 21:23:14.656,EURUSD,BID,1.1743
2026-01-01 21:23:24.670,EURUSD,BID,1.17434
2026-01-01 21:26:01.005,EURUSD,BID,1.17436
2026-01-01 21:27:54.217,EURUSD,BID,1.1743
2026-01-01 21:28:04.227,EURUSD,BID,1.17436
2026-01-01 21:28:34.290,EURUSD,BID,1.17441
2026-01-01 21:28:44.310,EURUSD,BID,1.17436
2026-01-01 21:30:48.541,EURUSD,BID,1.17436
2026-01-01 21:30:54.554,EURUSD,BID,1.17441
2026-01-01 21:31:04.566,EURUSD,BID,1.17436
2026-01-01 21:31:54.655,EURUSD,BID,1.17433
2026-01-01 21:32:14.688,EURUSD,BID,1.17436
2026-01-01 21:32:44.740,EURUSD,BID,1.17433
2026-01-01 21:32:54.760,EURUSD,BID,1.17436
2026-01-01 21:33:14.790,EURUSD,BID,1.17441
2026-01-01 21:33:24.807,EURUSD,BID,1.17436
2026-01-01 21:34:19.923,EURUSD,BID,1.17436
2026-01-01 21:34:24.936,EURUSD,BID,1.17441
2026-01-01 21:34:34.943,EURUSD,BID,1.17436
2026-01-01 21:35:25.024,EURUSD,BID,1.17441
2026-01-01 21:35:35.035,EURUSD,BID,1.17436
2026-01-01 21:35:45.055,EURUSD,BID,1.1743
2026-01-01 21:35:55.066,EURUSD,BID,1.17436
2026-01-01 21:36:15.115,EURUSD,BID,1.1743
2026-01-01 21:36:25.126,EURUSD,BID,1.17436
2026-01-01 21:37:54.285,EURUSD,BID,1.1743
2026-01-01 21:38:14.319,EURUSD,BID,1.17441
2026-01-01 21:38:24.341,EURUSD,BID,1.17436
2026-01-01 21:39:04.404,EURUSD,BID,1.17441
2026-01-01 21:39:14.420,EURUSD,BID,1.17436
2026-01-01 21:41:04.613,EURUSD,BID,1.17441
2026-01-01 21:41:14.634,EURUSD,BID,1.17436
2026-01-01 21:41:44.681,EURUSD,BID,1.17441
2026-01-01 21:41:54.689,EURUSD,BID,1.1743
2026-01-01 21:42:04.703,EURUSD,BID,1.17436
2026-01-01 21:42:14.720,EURUSD,BID,1.1743
2026-01-01 21:42:24.729,EURUSD,BID,1.17436
2026-01-01 21:43:24.828,EURUSD,BID,1.17441
2026-01-01 21:43:34.857,EURUSD,BID,1.17436
2026-01-01 21:44:54.987,EURUSD,BID,1.17441
2026-01-01 21:45:05.001,EURUSD,BID,1.17436
2026-01-01 21:48:24.341,EURUSD,BID,1.17441
2026-01-01 21:48:34.362,EURUSD,BID,1.1743
2026-01-01 21:48:44.379,EURUSD,BID,1.17436
2026-01-01 21:49:54.503,EURUSD,BID,1.17441
2026-01-01 21:50:04.519,EURUSD,BID,1.17436
2026-01-01 21:50:54.627,EURUSD,BID,1.1743
2026-01-01 21:51:04.645,EURUSD,BID,1.17436
2026-01-01 21:51:14.666,EURUSD,BID,1.1743
2026-01-01 21:51:24.683,EURUSD,BID,1.17436
2026-01-01 21:51:34.699,EURUSD,BID,1.17441
2026-01-01 21:51:44.716,EURUSD,BID,1.17436
2026-01-01 21:52:14.780,EURUSD,BID,1.1743
2026-01-01 21:52:34.819,EURUSD,BID,1.17436
2026-01-01 21:53:45.020,EURUSD,BID,1.1743
2026-01-01 21:53:55.041,EURUSD,BID,1.17436
2026-01-01 21:54:02.052,EURUSD,BID,1.17462
2026-01-01 21:54:05.055,EURUSD,BID,1.17463
2026-01-01 21:57:00.393,EURUSD,BID,1.1743
2026-01-01 21:57:04.402,EURUSD,BID,1.17436
2026-01-01 21:57:24.436,EURUSD,BID,1.17441
2026-01-01 21:57:34.473,EURUSD,BID,1.17436
2026-01-01 21:58:14.565,EURUSD,BID,1.17441
2026-01-01 21:58:24.587,EURUSD,BID,1.17436
2026-01-01 21:59:00.662,EURUSD,BID,1.17432
2026-01-01 21:59:20.704,EURUSD,BID,1.17246
2026-01-01 21:59:21.709,EURUSD,BID,1.17246
2026-01-01 21:59:29.731,EURUSD,BID,1.17246
2026-01-01 21:59:36.734,EURUSD,BID,1.17246
2026-01-01 21:59:37.741,EURUSD,BID,1.17246
2026-01-01 21:59:38.738,EURUSD,BID,1.17246
2026-01-01 21:59:39.744,EURUSD,BID,1.17246
2026-01-01 21:59:40.746,EURUSD,BID,1.17246
2026-01-01 21:59:41.754,EURUSD,BID,1.17246
2026-01-01 21:59:42.755,EURUSD,BID,1.17246
2026-01-01 21:59:43.753,EURUSD,BID,1.17246
2026-01-01 21:59:44.755,EURUSD,BID,1.17246
2026-01-01 21:59:45.758,EURUSD,BID,1.17246
2026-01-01 21:59:46.759,EURUSD,BID,1.17246
2026-01-01 21:59:51.764,EURUSD,BID,1.17246
2026-01-01 21:59:54.780,EURUSD,BID,1.17222
2026-01-01 21:59:55.781,EURUSD,BID,1.17409
2026-01-01 22:00:00.791,EURUSD,BID,1.17448
2026-01-01 22:00:37.852,EURUSD,BID,1.17287
2026-01-01 22:00:43.863,EURUSD,BID,1.17288
2026-01-01 22:02:00.995,EURUSD,BID,1.17449
2026-01-01 22:02:34.065,EURUSD,BID,1.17288
2026-01-01 22:03:11.128,EURUSD,BID,1.17287
2026-01-01 22:03:12.124,EURUSD,BID,1.17288
2026-01-01 22:03:55.202,EURUSD,BID,1.17097
2026-01-01 22:03:59.204,EURUSD,BID,1.1728
2026-01-01 22:04:48.284,EURUSD,BID,1.17291
2026-01-01 22:04:49.288,EURUSD,BID,1.17293
2026-01-01 22:05:00.314,EURUSD,BID,1.17399
2026-01-01 22:05:01.315,EURUSD,BID,1.17396
2026-01-01 22:05:02.317,EURUSD,BID,1.17394
2026-01-01 22:05:11.336,EURUSD,BID,1.17399
2026-01-01 22:05:16.354,EURUSD,BID,1.174
2026-01-01 22:05:20.364,EURUSD,BID,1.17402
2026-01-01 22:05:21.368,EURUSD,BID,1.17402
2026-01-01 22:05:28.374,EURUSD,BID,1.17402
2026-01-01 22:05:29.380,EURUSD,BID,1.17402
2026-01-01 22:05:46.413,EURUSD,BID,1.17404
2026-01-01 22:05:57.439,EURUSD,BID,1.17407
2026-01-01 22:06:58.570,EURUSD,BID,1.17409
2026-01-01 22:08:11.747,EURUSD,BID,1.17411
2026-01-01 22:08:13.746,EURUSD,BID,1.17412
2026-01-01 22:08:21.758,EURUSD,BID,1.17413
2026-01-01 22:08:22.760,EURUSD,BID,1.17413
2026-01-01 22:08:27.763,EURUSD,BID,1.17414
2026-01-01 22:08:32.772,EURUSD,BID,1.17415
2026-01-01 22:08:43.790,EURUSD,BID,1.17416
2026-01-01 22:08:47.794,EURUSD,BID,1.17416
2026-01-01 22:08:49.799,EURUSD,BID,1.17416
2026-01-01 22:09:18.856,EURUSD,BID,1.17418
2026-01-01 22:10:08.965,EURUSD,BID,1.17418
2026-01-01 22:10:15.981,EURUSD,BID,1.17482
2026-01-01 22:10:32.025,EURUSD,BID,1.17452
2026-01-01 22:10:41.050,EURUSD,BID,1.17453
2026-01-01 22:10:52.070,EURUSD,BID,1.17455
2026-01-01 22:11:03.095,EURUSD,BID,1.1745
2026-01-01 22:11:16.135,EURUSD,BID,1.17449
2026-01-01 22:11:19.144,EURUSD,BID,1.17451
2026-01-01 22:12:14.257,EURUSD,BID,1.1748
2026-01-01 22:12:34.307,EURUSD,BID,1.17482
2026-01-01 22:12:36.310,EURUSD,BID,1.17482
2026-01-01 22:13:04.377,EURUSD,BID,1.1748
2026-01-01 22:13:08.386,EURUSD,BID,1.1748
2026-01-01 22:13:14.398,EURUSD,BID,1.17482
2026-01-01 22:13:16.409,EURUSD,BID,1.17479
2026-01-01 22:13:26.424,EURUSD,BID,1.1748
2026-01-01 22:13:34.447,EURUSD,BID,1.17478
2026-01-01 22:13:40.456,EURUSD,BID,1.17479
2026-01-01 22:13:41.457,EURUSD,BID,1.17479
2026-01-01 22:13:42.455,EURUSD,BID,1.1748
2026-01-01 22:13:44.462,EURUSD,BID,1.17482
2026-01-01 22:13:46.466,EURUSD,BID,1.17482
2026-01-01 22:13:47.471,EURUSD,BID,1.17482
2026-01-01 22:13:49.473,EURUSD,BID,1.17482
2026-01-01 22:13:50.470,EURUSD,BID,1.17482
2026-01-01 22:13:51.477,EURUSD,BID,1.17481
2026-01-01 22:13:53.476,EURUSD,BID,1.17482
2026-01-01 22:13:56.486,EURUSD,BID,1.17482
2026-01-01 22:13:57.484,EURUSD,BID,1.17482
2026-01-01 22:13:59.491,EURUSD,BID,1.17481
2026-01-01 22:14:01.493,EURUSD,BID,1.17482
2026-01-01 22:14:02.497,EURUSD,BID,1.17482
2026-01-01 22:14:04.502,EURUSD,BID,1.17482
2026-01-01 22:14:05.504,EURUSD,BID,1.17482
2026-01-01 22:14:06.503,EURUSD,BID,1.17482
2026-01-01 22:14:07.501,EURUSD,BID,1.17482
2026-01-01 22:14:08.508,EURUSD,BID,1.17482
2026-01-01 22:14:11.514,EURUSD,BID,1.17482
2026-01-01 22:14:12.514,EURUSD,BID,1.17482
2026-01-01 22:14:13.515,EURUSD,BID,1.17482
2026-01-01 22:14:14.518,EURUSD,BID,1.17482
2026-01-01 22:14:15.521,EURUSD,BID,1.17481
2026-01-01 22:14:16.525,EURUSD,BID,1.17482
2026-01-01 22:14:17.528,EURUSD,BID,1.17482
2026-01-01 22:14:18.527,EURUSD,BID,1.17482
2026-01-01 22:14:19.527,EURUSD,BID,1.17481
2026-01-01 22:14:20.542,EURUSD,BID,1.17482
2026-01-01 22:14:21.541,EURUSD,BID,1.17481
2026-01-01 22:14:22.541,EURUSD,BID,1.17482
2026-01-01 22:14:24.548,EURUSD,BID,1.17481
2026-01-01 22:14:25.549,EURUSD,BID,1.17482
2026-01-01 22:14:26.547,EURUSD,BID,1.17482
2026-01-01 22:14:27.552,EURUSD,BID,1.17482
2026-01-01 22:14:28.554,EURUSD,BID,1.17481
2026-01-01 22:14:30.557,EURUSD,BID,1.17482
2026-01-01 22:14:52.608,EURUSD,BID,1.17482
2026-01-01 22:14:54.609,EURUSD,BID,1.17482
2026-01-01 22:14:58.620,EURUSD,BID,1.17482
2026-01-01 22:14:59.624,EURUSD,BID,1.17482
2026-01-01 22:15:00.624,EURUSD,BID,1.17482
2026-01-01 22:15:01.630,EURUSD,BID,1.17482
2026-01-01 22:15:02.629,EURUSD,BID,1.17482
2026-01-01 22:15:34.702,EURUSD,BID,1.1748
2026-01-01 22:15:39.710,EURUSD,BID,1.1748
2026-01-01 22:15:44.725,EURUSD,BID,1.17482
2026-01-01 22:15:47.729,EURUSD,BID,1.17482
2026-01-01 22:16:08.776,EURUSD,BID,1.17482
2026-01-01 22:16:11.780,EURUSD,BID,1.17482
2026-01-01 22:16:16.794,EURUSD,BID,1.17482
2026-01-01 22:16:34.828,EURUSD,BID,1.1748
2026-01-01 22:16:44.847,EURUSD,BID,1.17482
2026-01-01 22:17:14.922,EURUSD,BID,1.17485
2026-01-01 22:17:34.973,EURUSD,BID,1.17482
2026-01-01 22:17:55.011,EURUSD,BID,1.1748
2026-01-01 22:18:05.035,EURUSD,BID,1.17482
2026-01-01 22:18:54.148,EURUSD,BID,1.17485
2026-01-01 22:19:04.172,EURUSD,BID,1.17482
2026-01-01 22:19:24.212,EURUSD,BID,1.1748
2026-01-01 22:19:34.226,EURUSD,BID,1.17482
2026-01-01 22:20:04.297,EURUSD,BID,1.17485
2026-01-01 22:20:14.321,EURUSD,BID,1.17482
2026-01-01 22:20:34.415,EURUSD,BID,1.17467
2026-01-01 22:20:35.413,EURUSD,BID,1.17472
2026-01-01 22:20:53.442,EURUSD,BID,1.17467
2026-01-01 22:22:24.608,EURUSD,BID,1.17467
2026-01-01 22:22:58.705,EURUSD,BID,1.17467
2026-01-01 22:23:29.782,EURUSD,BID,1.17469
2026-01-01 22:25:01.021,EURUSD,BID,1.17468
2026-01-01 22:25:04.030,EURUSD,BID,1.17463
2026-01-01 22:25:10.042,EURUSD,BID,1.17463
2026-01-01 22:25:27.069,EURUSD,BID,1.17459
2026-01-01 22:26:02.132,EURUSD,BID,1.1745
2026-01-01 22:26:03.139,EURUSD,BID,1.17459
2026-01-01 22:26:37.214,EURUSD,BID,1.17454
2026-01-01 22:26:38.219,EURUSD,BID,1.17459
2026-01-01 22:27:38.431,EURUSD,BID,1.17454
2026-01-01 22:28:44.583,EURUSD,BID,1.1745
2026-01-01 22:28:54.601,EURUSD,BID,1.17454
2026-01-01 22:29:14.648,EURUSD,BID,1.1745
2026-01-01 22:29:24.670,EURUSD,BID,1.17454
2026-01-01 22:29:57.750,EURUSD,BID,1.17456
2026-01-01 22:29:58.755,EURUSD,BID,1.1746
2026-01-01 22:30:04.763,EURUSD,BID,1.17454
2026-01-01 22:30:09.769,EURUSD,BID,1.17463
2026-01-01 22:30:10.768,EURUSD,BID,1.17463
2026-01-01 22:30:35.842,EURUSD,BID,1.1746
2026-01-01 22:30:38.845,EURUSD,BID,1.17463
2026-01-01 22:30:39.844,EURUSD,BID,1.17454
2026-01-01 22:30:44.855,EURUSD,BID,1.17458
2026-01-01 22:30:54.874,EURUSD,BID,1.17454
2026-01-01 22:30:57.921,EURUSD,BID,1.17454
2026-01-01 22:30:58.921,EURUSD,BID,1.1746
2026-01-01 22:31:09.959,EURUSD,BID,1.17464
2026-01-01 22:31:51.031,EURUSD,BID,1.1746
2026-01-01 22:34:58.465,EURUSD,BID,1.1746
2026-01-01 22:34:59.468,EURUSD,BID,1.1746
2026-01-01 22:36:21.655,EURUSD,BID,1.17454
2026-01-01 22:36:22.655,EURUSD,BID,1.1746
2026-01-01 22:37:01.804,EURUSD,BID,1.17471
2026-01-01 22:37:02.810,EURUSD,BID,1.1746
2026-01-01 22:37:38.869,EURUSD,BID,1.17463
2026-01-01 22:38:57.005,EURUSD,BID,1.17464
2026-01-01 22:39:50.142,EURUSD,BID,1.1748
2026-01-01 22:39:57.159,EURUSD,BID,1.17464
2026-01-01 22:39:58.158,EURUSD,BID,1.1748
2026-01-01 22:40:00.161,EURUSD,BID,1.17464
2026-01-01 22:40:01.162,EURUSD,BID,1.1748
2026-01-01 22:40:03.176,EURUSD,BID,1.17464
2026-01-01 22:40:04.177,EURUSD,BID,1.1748
2026-01-01 22:40:08.191,EURUSD,BID,1.17464
2026-01-01 22:40:09.190,EURUSD,BID,1.1748
2026-01-01 22:40:11.199,EURUSD,BID,1.17464
2026-01-01 22:40:12.200,EURUSD,BID,1.1748
2026-01-01 22:40:14.204,EURUSD,BID,1.17464
2026-01-01 22:40:15.204,EURUSD,BID,1.1748
2026-01-01 22:40:22.229,EURUSD,BID,1.17464
2026-01-01 22:40:23.235,EURUSD,BID,1.1748
2026-01-01 22:40:26.240,EURUSD,BID,1.17464
2026-01-01 22:40:27.241,EURUSD,BID,1.1748
2026-01-01 22:40:29.243,EURUSD,BID,1.17464
2026-01-01 22:40:30.249,EURUSD,BID,1.17458
2026-01-01 22:40:34.255,EURUSD,BID,1.17454
2026-01-01 22:40:39.261,EURUSD,BID,1.17481
2026-01-01 22:40:42.275,EURUSD,BID,1.1748
2026-01-01 22:40:51.286,EURUSD,BID,1.17464
2026-01-01 22:40:52.289,EURUSD,BID,1.1748
2026-01-01 22:41:17.358,EURUSD,BID,1.17483
2026-01-01 22:41:18.358,EURUSD,BID,1.17482
2026-01-01 22:41:20.369,EURUSD,BID,1.1748
2026-01-01 22:41:34.390,EURUSD,BID,1.17464
2026-01-01 22:41:35.394,EURUSD,BID,1.1748
2026-01-01 22:41:37.399,EURUSD,BID,1.17464
2026-01-01 22:41:38.402,EURUSD,BID,1.1748
2026-01-01 22:41:56.450,EURUSD,BID,1.17464
2026-01-01 22:41:57.453,EURUSD,BID,1.17454
2026-01-01 22:42:03.467,EURUSD,BID,1.1748
2026-01-01 22:42:06.468,EURUSD,BID,1.17464
2026-01-01 22:42:08.479,EURUSD,BID,1.1748
2026-01-01 22:42:14.495,EURUSD,BID,1.17464
2026-01-01 22:42:15.495,EURUSD,BID,1.1748
2026-01-01 22:42:17.499,EURUSD,BID,1.17464
2026-01-01 22:42:20.509,EURUSD,BID,1.1748
2026-01-01 22:42:46.582,EURUSD,BID,1.17464
2026-01-01 22:42:47.584,EURUSD,BID,1.1748
2026-01-01 22:42:49.587,EURUSD,BID,1.17464
2026-01-01 22:42:50.592,EURUSD,BID,1.1748
2026-01-01 22:42:58.612,EURUSD,BID,1.17464
2026-01-01 22:42:59.613,EURUSD,BID,1.1748
2026-01-01 22:43:01.618,EURUSD,BID,1.17464
2026-01-01 22:43:02.620,EURUSD,BID,1.1748
2026-01-01 22:43:04.619,EURUSD,BID,1.17464
2026-01-01 22:43:05.626,EURUSD,BID,1.1748
2026-01-01 22:43:11.635,EURUSD,BID,1.17478
2026-01-01 22:43:13.639,EURUSD,BID,1.1748
2026-01-01 22:43:14.639,EURUSD,BID,1.17479
2026-01-01 22:43:19.657,EURUSD,BID,1.17478
2026-01-01 22:43:35.690,EURUSD,BID,1.17464
2026-01-01 22:43:36.692,EURUSD,BID,1.17478
2026-01-01 22:43:46.707,EURUSD,BID,1.17464
2026-01-01 22:43:50.731,EURUSD,BID,1.17478
2026-01-01 22:43:55.735,EURUSD,BID,1.17464
2026-01-01 22:43:56.739,EURUSD,BID,1.17477
2026-01-01 22:43:58.742,EURUSD,BID,1.17464
2026-01-01 22:44:03.752,EURUSD,BID,1.17477
2026-01-01 22:44:09.760,EURUSD,BID,1.17479
2026-01-01 22:44:14.783,EURUSD,BID,1.17464
2026-01-01 22:44:15.783,EURUSD,BID,1.17477
2026-01-01 22:44:21.803,EURUSD,BID,1.17476
2026-01-01 22:44:25.804,EURUSD,BID,1.17461
2026-01-01 22:44:26.807,EURUSD,BID,1.17476
2026-01-01 22:44:29.811,EURUSD,BID,1.17461
2026-01-01 22:44:30.814,EURUSD,BID,1.17479
2026-01-01 22:44:33.822,EURUSD,BID,1.17478
2026-01-01 22:44:55.873,EURUSD,BID,1.17477
2026-01-01 22:44:58.884,EURUSD,BID,1.17461
2026-01-01 22:44:59.883,EURUSD,BID,1.17476
2026-01-01 22:45:06.896,EURUSD,BID,1.17461
2026-01-01 22:45:07.895,EURUSD,BID,1.17476
2026-01-01 22:45:10.903,EURUSD,BID,1.17461
2026-01-01 22:45:11.900,EURUSD,BID,1.17476
2026-01-01 22:45:17.923,EURUSD,BID,1.17461
2026-01-01 22:45:19.921,EURUSD,BID,1.17476
2026-01-01 22:45:27.947,EURUSD,BID,1.17461
2026-01-01 22:45:28.946,EURUSD,BID,1.17476
2026-01-01 22:45:30.948,EURUSD,BID,1.17461
2026-01-01 22:45:32.956,EURUSD,BID,1.17476
2026-01-01 22:45:33.960,EURUSD,BID,1.17461
2026-01-01 22:45:35.959,EURUSD,BID,1.17476
2026-01-01 22:45:48.985,EURUSD,BID,1.17461
2026-01-01 22:45:50.002,EURUSD,BID,1.17476
2026-01-01 22:45:52.010,EURUSD,BID,1.17475
2026-01-01 22:45:56.017,EURUSD,BID,1.17461
2026-01-01 22:45:58.022,EURUSD,BID,1.17475
2026-01-01 22:45:59.023,EURUSD,BID,1.17461
2026-01-01 22:46:00.019,EURUSD,BID,1.17475
2026-01-01 22:46:05.035,EURUSD,BID,1.17461
2026-01-01 22:46:06.039,EURUSD,BID,1.17475
2026-01-01 22:46:08.036,EURUSD,BID,1.17461
2026-01-01 22:46:09.040,EURUSD,BID,1.17476
2026-01-01 22:46:18.070,EURUSD,BID,1.17461
2026-01-01 22:46:19.068,EURUSD,BID,1.17476
2026-01-01 22:46:21.072,EURUSD,BID,1.17461
2026-01-01 22:46:22.071,EURUSD,BID,1.17475
2026-01-01 22:46:31.089,EURUSD,BID,1.17454
2026-01-01 22:46:41.168,EURUSD,BID,1.17476
2026-01-01 22:46:44.171,EURUSD,BID,1.17461
2026-01-01 22:46:45.170,EURUSD,BID,1.17476
2026-01-01 22:46:47.172,EURUSD,BID,1.17461
2026-01-01 22:46:48.179,EURUSD,BID,1.17476
2026-01-01 22:46:50.177,EURUSD,BID,1.17461
2026-01-01 22:46:52.184,EURUSD,BID,1.17476
2026-01-01 22:47:05.201,EURUSD,BID,1.17461
2026-01-01 22:47:16.223,EURUSD,BID,1.17476
2026-01-01 22:47:41.263,EURUSD,BID,1.17461
2026-01-01 22:47:42.263,EURUSD,BID,1.17476
2026-01-01 22:47:44.269,EURUSD,BID,1.17461
2026-01-01 22:47:45.271,EURUSD,BID,1.17476
2026-01-01 22:47:50.278,EURUSD,BID,1.17461
2026-01-01 22:47:51.278,EURUSD,BID,1.17476
2026-01-01 22:47:53.285,EURUSD,BID,1.17461
2026-01-01 22:47:54.285,EURUSD,BID,1.17476
2026-01-01 22:47:58.294,EURUSD,BID,1.17461
2026-01-01 22:47:59.292,EURUSD,BID,1.17476
2026-01-01 22:48:01.296,EURUSD,BID,1.17461
2026-01-01 22:48:02.299,EURUSD,BID,1.17476
2026-01-01 22:48:30.358,EURUSD,BID,1.17461
2026-01-01 22:48:39.373,EURUSD,BID,1.17476
2026-01-01 22:48:54.416,EURUSD,BID,1.17473
2026-01-01 22:48:57.418,EURUSD,BID,1.17473
2026-01-01 22:49:10.449,EURUSD,BID,1.17461
2026-01-01 22:49:11.445,EURUSD,BID,1.17473
2026-01-01 22:49:15.464,EURUSD,BID,1.17461
2026-01-01 22:49:19.476,EURUSD,BID,1.17473
2026-01-01 22:49:27.509,EURUSD,BID,1.17463
2026-01-01 22:49:28.507,EURUSD,BID,1.17473
2026-01-01 22:49:33.517,EURUSD,BID,1.17463
2026-01-01 22:49:34.517,EURUSD,BID,1.17473
2026-01-01 22:49:41.540,EURUSD,BID,1.17463
2026-01-01 22:49:42.543,EURUSD,BID,1.17473
2026-01-01 22:49:56.566,EURUSD,BID,1.17473
2026-01-01 22:49:58.569,EURUSD,BID,1.17463
2026-01-01 22:49:59.574,EURUSD,BID,1.17473
2026-01-01 22:50:02.579,EURUSD,BID,1.17463
2026-01-01 22:50:03.577,EURUSD,BID,1.17473
2026-01-01 22:50:05.581,EURUSD,BID,1.17463
2026-01-01 22:50:08.589,EURUSD,BID,1.17473
2026-01-01 22:50:13.596,EURUSD,BID,1.17465
2026-01-01 22:50:14.597,EURUSD,BID,1.17473
2026-01-01 22:50:16.607,EURUSD,BID,1.17465
2026-01-01 22:50:20.612,EURUSD,BID,1.17473
2026-01-01 22:50:25.618,EURUSD,BID,1.17476
2026-01-01 22:50:27.624,EURUSD,BID,1.17469
2026-01-01 22:50:29.625,EURUSD,BID,1.17475
2026-01-01 22:50:35.648,EURUSD,BID,1.17469
2026-01-01 22:50:36.650,EURUSD,BID,1.17476
2026-01-01 22:50:37.651,EURUSD,BID,1.17474
2026-01-01 22:50:38.654,EURUSD,BID,1.17476
2026-01-01 22:50:41.655,EURUSD,BID,1.17469
2026-01-01 22:50:42.660,EURUSD,BID,1.17475
2026-01-01 22:50:44.661,EURUSD,BID,1.17469
2026-01-01 22:50:46.667,EURUSD,BID,1.17475
2026-01-01 22:50:50.679,EURUSD,BID,1.17469
2026-01-01 22:50:53.683,EURUSD,BID,1.17475
2026-01-01 22:51:04.709,EURUSD,BID,1.17469
2026-01-01 22:51:05.711,EURUSD,BID,1.17475
2026-01-01 22:51:13.730,EURUSD,BID,1.17469
2026-01-01 22:51:14.726,EURUSD,BID,1.17475
2026-01-01 22:51:16.728,EURUSD,BID,1.17469
2026-01-01 22:51:17.738,EURUSD,BID,1.17475
2026-01-01 22:51:31.774,EURUSD,BID,1.17472
2026-01-01 22:51:35.781,EURUSD,BID,1.17469
2026-01-01 22:51:36.785,EURUSD,BID,1.17472
2026-01-01 22:51:45.803,EURUSD,BID,1.17469
2026-01-01 22:51:46.804,EURUSD,BID,1.17472
2026-01-01 22:51:50.824,EURUSD,BID,1.17469
2026-01-01 22:51:51.823,EURUSD,BID,1.17472
2026-01-01 22:52:00.845,EURUSD,BID,1.17469
2026-01-01 22:52:01.845,EURUSD,BID,1.17472
2026-01-01 22:52:45.962,EURUSD,BID,1.17469
2026-01-01 22:52:46.977,EURUSD,BID,1.17472
2026-01-01 22:52:51.999,EURUSD,BID,1.17469
2026-01-01 22:52:53.001,EURUSD,BID,1.17472
2026-01-01 22:52:58.004,EURUSD,BID,1.17469
2026-01-01 22:52:59.007,EURUSD,BID,1.17472
2026-01-01 22:53:01.010,EURUSD,BID,1.17469
2026-01-01 22:53:02.013,EURUSD,BID,1.17472
2026-01-01 22:53:06.020,EURUSD,BID,1.17469
2026-01-01 22:53:07.022,EURUSD,BID,1.17472
2026-01-01 22:53:08.024,EURUSD,BID,1.1747
2026-01-01 22:53:17.040,EURUSD,BID,1.17469
2026-01-01 22:53:19.043,EURUSD,BID,1.17469
2026-01-01 22:53:21.050,EURUSD,BID,1.17457
2026-01-01 22:53:25.054,EURUSD,BID,1.1745
2026-01-01 22:53:28.064,EURUSD,BID,1.17468
2026-01-01 22:53:29.060,EURUSD,BID,1.17469
2026-01-01 22:53:33.066,EURUSD,BID,1.17471
2026-01-01 22:53:43.082,EURUSD,BID,1.17472
2026-01-01 22:53:46.093,EURUSD,BID,1.1747
2026-01-01 22:53:47.096,EURUSD,BID,1.17472
2026-01-01 22:54:01.132,EURUSD,BID,1.17483
2026-01-01 22:54:14.163,EURUSD,BID,1.17484
2026-01-01 22:54:16.168,EURUSD,BID,1.17483
2026-01-01 22:54:24.185,EURUSD,BID,1.17484
2026-01-01 22:54:29.198,EURUSD,BID,1.17465
2026-01-01 22:54:30.198,EURUSD,BID,1.17467
2026-01-01 22:54:33.215,EURUSD,BID,1.17469
2026-01-01 22:54:34.217,EURUSD,BID,1.17467
2026-01-01 22:54:36.227,EURUSD,BID,1.17469
2026-01-01 22:54:55.286,EURUSD,BID,1.17469
2026-01-01 22:54:56.289,EURUSD,BID,1.17466
2026-01-01 22:55:02.296,EURUSD,BID,1.17464
2026-01-01 22:55:05.298,EURUSD,BID,1.17467
2026-01-01 22:55:06.302,EURUSD,BID,1.17464
2026-01-01 22:55:08.309,EURUSD,BID,1.17465
2026-01-01 22:55:10.306,EURUSD,BID,1.17461
2026-01-01 22:55:11.311,EURUSD,BID,1.17462
2026-01-01 22:55:14.318,EURUSD,BID,1.17461
2026-01-01 22:55:15.320,EURUSD,BID,1.17461
2026-01-01 22:55:16.324,EURUSD,BID,1.17463
2026-01-01 22:55:17.325,EURUSD,BID,1.17465
2026-01-01 22:55:19.332,EURUSD,BID,1.17463
2026-01-01 22:55:21.337,EURUSD,BID,1.17462
2026-01-01 22:55:22.336,EURUSD,BID,1.17463
2026-01-01 22:55:28.347,EURUSD,BID,1.17464
2026-01-01 22:55:33.358,EURUSD,BID,1.17464
2026-01-01 22:55:34.364,EURUSD,BID,1.17462
2026-01-01 22:55:43.380,EURUSD,BID,1.17465
2026-01-01 22:55:44.385,EURUSD,BID,1.17464
2026-01-01 22:55:49.390,EURUSD,BID,1.17465
2026-01-01 22:55:50.391,EURUSD,BID,1.17464
2026-01-01 22:55:52.396,EURUSD,BID,1.17463
2026-01-01 22:55:56.399,EURUSD,BID,1.17462
2026-01-01 22:56:03.416,EURUSD,BID,1.17464
2026-01-01 22:56:05.424,EURUSD,BID,1.17462
2026-01-01 22:56:15.450,EURUSD,BID,1.17465
2026-01-01 22:56:16.452,EURUSD,BID,1.17462
2026-01-01 22:56:18.468,EURUSD,BID,1.17465
2026-01-01 22:56:19.474,EURUSD,BID,1.17462
2026-01-01 22:56:34.520,EURUSD,BID,1.17451
2026-01-01 22:56:44.536,EURUSD,BID,1.17454
2026-01-01 22:56:47.543,EURUSD,BID,1.17457
2026-01-01 22:56:50.546,EURUSD,BID,1.17483
2026-01-01 22:56:57.580,EURUSD,BID,1.17464
2026-01-01 22:56:58.588,EURUSD,BID,1.17465
2026-01-01 22:57:00.593,EURUSD,BID,1.17465
2026-01-01 22:57:09.602,EURUSD,BID,1.17465
2026-01-01 22:57:10.603,EURUSD,BID,1.17464
2026-01-01 22:57:13.615,EURUSD,BID,1.17465
2026-01-01 22:57:14.617,EURUSD,BID,1.17467
2026-01-01 22:57:15.617,EURUSD,BID,1.17466
2026-01-01 22:57:16.616,EURUSD,BID,1.17465
2026-01-01 22:57:19.631,EURUSD,BID,1.17463
2026-01-01 22:57:34.677,EURUSD,BID,1.17466
2026-01-01 22:57:35.681,EURUSD,BID,1.17463
2026-01-01 22:57:41.688,EURUSD,BID,1.17466
2026-01-01 22:57:46.692,EURUSD,BID,1.17463
2026-01-01 22:57:57.723,EURUSD,BID,1.17465
2026-01-01 22:58:16.761,EURUSD,BID,1.17463
2026-01-01 22:58:19.765,EURUSD,BID,1.17464
2026-01-01 22:58:20.770,EURUSD,BID,1.17468
2026-01-01 22:58:36.816,EURUSD,BID,1.17466
2026-01-01 22:58:54.862,EURUSD,BID,1.17469
2026-01-01 22:58:55.865,EURUSD,BID,1.17466
2026-01-01 22:59:03.881,EURUSD,BID,1.1747
2026-01-01 22:59:04.883,EURUSD,BID,1.17466
2026-01-01 22:59:14.918,EURUSD,BID,1.1747
2026-01-01 22:59:15.914,EURUSD,BID,1.17466
2026-01-01 22:59:28.938,EURUSD,BID,1.1747
2026-01-01 22:59:29.941,EURUSD,BID,1.17466
2026-01-01 22:59:32.950,EURUSD,BID,1.1747
2026-01-01 22:59:33.951,EURUSD,BID,1.17466
2026-01-01 22:59:36.957,EURUSD,BID,1.17479
2026-01-01 22:59:47.982,EURUSD,BID,1.17478
2026-01-01 22:59:51.001,EURUSD,BID,1.17473
2026-01-01 23:00:00.050,EURUSD,BID,1.17467
2026-01-01 23:00:01.053,EURUSD,BID,1.17464
2026-01-01 23:00:02.050,EURUSD,BID,1.17463
2026-01-01 23:00:03.050,EURUSD,BID,1.17468
2026-01-01 23:00:04.052,EURUSD,BID,1.17465
2026-01-01 23:00:05.065,EURUSD,BID,1.17485
2026-01-01 23:00:06.063,EURUSD,BID,1.17475
2026-01-01 23:00:07.068,EURUSD,BID,1.17478
2026-01-01 23:00:08.065,EURUSD,BID,1.17476
2026-01-01 23:00:09.067,EURUSD,BID,1.17479
2026-01-01 23:00:10.072,EURUSD,BID,1.1748
2026-01-01 23:00:12.075,EURUSD,BID,1.17485
2026-01-01 23:00:20.098,EURUSD,BID,1.17477
2026-01-01 23:00:21.103,EURUSD,BID,1.17484
2026-01-01 23:00:22.103,EURUSD,BID,1.17484
2026-01-01 23:00:24.109,EURUSD,BID,1.17485
2026-01-01 23:00:27.113,EURUSD,BID,1.17485
2026-01-01 23:00:28.116,EURUSD,BID,1.17484
2026-01-01 23:00:29.121,EURUSD,BID,1.17477
2026-01-01 23:00:31.123,EURUSD,BID,1.1748
2026-01-01 23:00:32.125,EURUSD,BID,1.17482
2026-01-01 23:00:33.131,EURUSD,BID,1.17484
